id,symbol,name,image,current_price,market_cap,market_cap_rank,fully_diluted_valuation,total_volume,high_24h,low_24h,price_change_24h,price_change_percentage_24h,market_cap_change_24h,market_cap_change_percentage_24h,circulating_supply,total_supply,max_supply,ath,ath_change_percentage,ath_date,atl,atl_change_percentage,atl_date,last_updated,price_change_percentage_1h_in_currency,price_change_percentage_24h_in_currency,price_change_percentage_30d_in_currency,price_change_percentage_7d_in_currency,is_outlier,market_cap_category,volatility_score,volatility_category,supply_ratio,price_change_category
bitcoin,btc,Bitcoin,https://coin-images.coingecko.com/coins/images/1/large/bitcoin.png?1696501400,79596.0,1598066676543,1,1598066676543,34589793115.0,79701.0,77666.0,1233.79,1.57447,24446387300.0,1.55351,20081840.0,20081850.0,21000000.0,126080.0,-36.86856,2025-10-06 10:57:42+00:00,67.81,117282.714,2013-07-05 16:00:00+00:00,2026-09-09 12:52:20+00:00,0.5,1.57447,22.1,3.5,True,Large Cap,6.9186175,Medium,0.9999995020379099,Gain
ethereum,eth,Ethereum,https://coin-images.coingecko.com/coins/images/279/large/ethereum.png?1696501628,2510.81,306289554849,2,306289554849,12352826983.0,2521.51,2442.98,37.88,1.53175,4518290024.0,1.49726,122032627.13795824,122032627.1379582,,4946.05,-49.23597,2025-08-24 11:21:03+00:00,0.432979,579792.8894,2015-10-19 16:00:00+00:00,2026-09-09 12:52:20+00:00,0.6,1.53175,30.6,5.5,True,Large Cap,9.557937500000001,Medium,1.0000000000000004,Gain
tether,usdt,Tether,https://coin-images.coingecko.com/coins/images/325/large/Tether.png?1696501661,0.999822,183424711629,3,188890600134,53477364153.0,0.999995,0.99953,0.00022909,0.02292,60746211.0,0.03313,183460193480.14197,188927139311.3062,,1.32,-24.43308,2018-07-23 16:00:00+00:00,0.572521,74.63505,2015-03-01 16:00:00+00:00,2026-09-09 12:52:20+00:00,0.0,0.02292,0.1,0.0,False,Large Cap,0.03073,Low,0.9710632053653444,Gain
binancecoin,bnb,BNB,https://coin-images.coingecko.com/coins/images/825/large/bnb-icon2_2x.png?1696501970,750.38,99898084263,4,99898094646,926885310.0,757.36,742.69,-0.7643258468729073,-0.10175,-126053717.48283386,-0.12602,133161358.02,133161354.33,200000000.0,1369.99,-45.22706,2025-10-13 00:41:24+00:00,0.0398177,1884450.70238,2017-10-18 16:00:00+00:00,2026-09-09 12:52:20+00:00,0.0,-0.10175,23.9,10.0,False,Large Cap,8.5004375,Medium,1.0000000277107424,Loss
ripple,xrp,XRP,https://coin-images.coingecko.com/coins/images/44/large/xrp-symbol-white-128.png?1696501442,1.44,90117640590,5,143605705099,2691624681.0,1.45,1.38,0.03936464,2.81569,2397928057.0,2.73363,62744504852.0,99985627691.0,100000000000.0,3.65,-60.57976,2025-07-17 19:40:53+00:00,0.00268621,53410.8039,2014-05-21 16:00:00+00:00,2026-09-09 12:52:20+00:00,0.4,2.81569,38.4,8.2,False,Large Cap,12.4539225,Medium,0.6275352398237514,Gain
usd-coin,usdc,USDC,https://coin-images.coingecko.com/coins/images/6319/large/USDC.png?1769615602,0.999913,74316339805,6,74358173987,15059502328.0,1.0,0.999741,6.006e-05,0.00601,94903228.0,0.12786,74323921917.57457,74328339343.75978,,1.043,-4.17373,2018-11-14 16:00:00+00:00,0.877647,13.93119,2023-03-11 00:02:13+00:00,2026-09-09 12:52:20+00:00,0.0,0.00601,0.0,0.0,False,Large Cap,0.0015025,Low,0.9999405687490907,Gain
solana,sol,Solana,https://coin-images.coingecko.com/coins/images/4128/large/solana.png?1718769756,104.74,61354019938,7,66323694250,2882110388.0,105.02,101.79,1.59,1.54477,894643448.0,1.47974,586250515.072536,633736725.8982507,,293.31,-64.29149,2025-01-19 03:15:27+00:00,0.500801,20813.95598,2020-05-11 11:35:23+00:00,2026-09-09 12:52:20+00:00,0.5,1.54477,35.8,6.2,False,Large Cap,11.0111925,Medium,0.9250694982866768,Gain
tron,trx,TRON,https://coin-images.coingecko.com/coins/images/1094/large/photo_2026-04-13_09-59-16.png?1776048311,0.33887,32172210716,8,32172212091,328904967.0,0.339911,0.337749,7.329e-05,0.02163,6618626.0,0.02058,94942037816.95338,94942040792.04079,,0.431288,-21.42849,2024-12-03 16:10:40+00:00,0.00180434,18680.79785,2017-11-11 16:00:00+00:00,2026-09-09 12:52:20+00:00,0.1,0.02163,2.3,5.1,False,Large Cap,1.8804074999999998,Low,0.9999999686641726,Gain
figure-heloc,figr_heloc,Figure Heloc,https://coin-images.coingecko.com/coins/images/68480/large/figure.png?1755863954,1.035,23072571554,9,23072571554,34483706.0,1.051,1.0,0.00034690999999999997,0.04138,6490460.5,0.25654,22290610113.348,22290610113.348,,1.061,-2.40205,2026-08-03 14:19:20+00:00,0.155357,566.24927,2025-10-31 06:27:24+00:00,2026-09-09 12:52:20+00:00,0.0,0.04138,3.5,0.2,False,Large Cap,0.935345,Low,1.0,Gain
zcash,zec,Zcash,https://coin-images.coingecko.com/coins/images/486/large/Brandmark-Yellow_%281%29.png?1785810558,1266.36,21390127439,10,21391434943,1287680287.0,1275.68,1132.83,103.81,8.92927,1719989958.0,8.74417,16921867.3530448,16923028.2905448,21000000.0,3191.93,-60.32614,2016-10-28 16:00:00+00:00,16.08,7775.31915,2024-07-04 20:22:29+00:00,2026-09-09 12:52:20+00:00,2.0,8.92927,150.3,58.5,True,Large Cap,54.9323175,High,0.9999313989505857,Strong Gain
hyperliquid,hype,Hyperliquid,https://coin-images.coingecko.com/coins/images/50882/large/hyperliquid.jpg?1729431300,86.79,19297922521,11,82876139372,1090047397.0,86.98,81.66,3.56,4.2728,783445751.0,4.23153,222445714.07414138,955307079.4341414,1000000000.0,89.6,-3.1387,2026-09-06 12:28:40+00:00,3.81,2178.64777,2024-11-29 01:30:30+00:00,2026-09-09 12:52:20+00:00,0.1,4.2728,58.4,6.1,False,Large Cap,17.2182,Medium,0.23285257574549015,Gain
dogecoin,doge,Dogecoin,https://coin-images.coingecko.com/coins/images/5/large/dogecoin.png?1696501409,0.09138,14228479355,12,15662896945,814531868.0,0.091427,0.088076,0.00200897,2.24791,301839492.0,2.16735,155844146383.70523,171556253126.579,,0.731578,-87.50925,2021-05-07 21:08:23+00:00,8.69e-05,105050.30592,2015-05-05 16:00:00+00:00,2026-09-09 12:52:20+00:00,0.2,2.24791,30.0,12.5,False,Large Cap,11.2369775,Medium,0.9084142579677295,Gain
rain,rain,Rain,https://coin-images.coingecko.com/coins/images/69134/large/Rain_logo_1_.png?1762952191,0.01638721,11620305230,13,18718140451,39753762.0,0.01676968,0.01591912,-0.000378776581071025,-2.2592,-270289922.75204086,-2.27314,709212318296.3116,1142408527031.575,1150000000000.0,0.01946402,-15.80771,2026-08-25 19:53:00+00:00,0.00222126,637.74415,2025-09-14 00:56:57+00:00,2026-09-09 12:52:20+00:00,1.3,-2.2592,28.7,-4.3,False,Large Cap,9.1398,Medium,0.6208044683797338,Loss
usds,usds,USDS,https://coin-images.coingecko.com/coins/images/39926/large/usds.webp?1726666683,0.99992,9823806117,14,9843059123,227310562.0,1.0,0.999617,0.00017041,0.01705,-20250077.656892776,-0.20571,9824769268.336912,9847882071.139385,,1.057,-5.42906,2024-10-28 21:40:51+00:00,0.948265,5.44726,2024-10-03 05:19:28+00:00,2026-09-09 12:52:20+00:00,0.0,0.01705,0.0,0.0,False,Mid Cap,0.0042625,Low,0.9976530179143587,Gain
whitebit,wbt,WhiteBIT Coin,https://coin-images.coingecko.com/coins/images/27045/large/wbt_token.png?1696526096,82.16,9688473570,15,24120129346,101918604.0,82.52,78.9,2.23,2.78711,259506396.0,2.75223,117919967.0,293569966.0,400000000.0,82.52,-0.43156,2026-09-09 00:48:20+00:00,3.06,2583.6179,2023-02-13 11:01:21+00:00,2026-09-09 12:52:20+00:00,0.5,2.78711,46.0,16.7,False,Mid Cap,16.4967775,Medium,0.4016758546751339,Gain
monero,xmr,Monero,https://coin-images.coingecko.com/coins/images/69/large/monero_logo.png?1696501460,497.59,9356165745,16,9356166939,122175287.0,507.62,491.57,-10.711258712537813,-2.10727,-200855474.54769135,-2.10165,18802364.13267768,18802391.73259455,,797.73,-37.62477,2026-01-14 11:34:07+00:00,0.216177,230076.97861,2015-01-13 16:00:00+00:00,2026-09-09 12:52:20+00:00,-0.3,-2.10727,25.1,-4.6,False,Mid Cap,8.0268175,Medium,0.9999985321060607,Loss
chainlink,link,Chainlink,https://coin-images.coingecko.com/coins/images/877/large/Chainlink_Logo_500.png?1760023405,12.18,9113427491,17,12182098451,7051794535.0,12.77,11.98,-0.3459248888643227,-2.76107,-259256068.74567604,-2.76608,748099970.424884,1000000000.0,1000000000.0,52.7,-76.88129,2021-05-09 16:13:57+00:00,0.148183,8121.42808,2017-11-28 16:00:00+00:00,2026-09-09 12:52:20+00:00,0.3,-2.76107,46.5,10.4,False,Mid Cap,14.9902675,Medium,0.748099970424884,Loss
hunter-biden-s-laptop-3,laptop,Hunter Biden's Laptop,https://coin-images.coingecko.com/coins/images/102176837/large/Laptop_Logo.png?1788875459,7.97,8544592623,18,8544592623,5557446.0,0.0,0.0,0.00034690999999999997,0.04138,6490460.5,0.25654,1000000000.0,1000000000.0,1000000000.0,199.51,-96.00341,2026-09-09 12:09:10+00:00,4.15,92.09427,2026-09-09 12:43:20+00:00,2026-09-09 12:52:20+00:00,,0.04138,,,False,Mid Cap,0.04138,Low,1.0,Gain
leo-token,leo,LEO Token,https://coin-images.coingecko.com/coins/images/8418/large/leo-token.png?1696508607,9.2,8466334281,19,9068104349,162157.0,9.26,9.17,0.02371643,0.25834,21862284.0,0.25889,919857851.9,985239504.0,,10.61,-13.27869,2026-05-04 09:35:00+00:00,0.799859,1050.69115,2019-12-24 07:14:35+00:00,2026-09-09 12:52:20+00:00,0.0,0.25834,-5.1,-1.0,False,Mid Cap,1.589585,Low,0.9336388240275026,Gain
cardano,ada,Cardano,https://coin-images.coingecko.com/coins/images/975/large/cardano.png?1696502090,0.22126,8298861295,20,9955850576,583598211.0,0.231823,0.215202,0.00253929,1.16097,94550649.0,1.15245,37510482444.2993,45000000000.0,45000000000.0,3.09,-92.83232,2021-09-01 22:00:10+00:00,0.01925275,1049.23738,2020-03-12 18:22:55+00:00,2026-09-09 12:52:20+00:00,0.7,1.16097,12.9,13.7,False,Mid Cap,7.1152425,Medium,0.8335662765399845,Gain
stellar,xlm,Stellar,https://coin-images.coingecko.com/coins/images/100/large/fmpFRHHQ_400x400.jpg?1735231350,0.189399,6590393493,21,9468338695,169952278.0,0.19354,0.186398,0.00128597,0.68362,43673891.0,0.66711,34803513187.46161,50001786839.70248,,0.875563,-78.36831,2018-01-02 16:00:00+00:00,0.00047612,39679.40584,2015-03-04 16:00:00+00:00,2026-09-09 12:52:20+00:00,0.4,0.68362,15.6,9.7,False,Mid Cap,6.595905,Medium,0.696045389318505,Gain
bitcoin-cash,bch,Bitcoin Cash,https://coin-images.coingecko.com/coins/images/780/large/bitcoin-cash-circle.png?1696501932,259.61,5213512002,22,5213594734,150577837.0,261.18,251.88,3.33,1.29831,65678562.0,1.27585,20086706.14665078,20087068.64665078,21000000.0,3785.82,-93.14251,2017-12-19 16:00:00+00:00,76.93,237.44464,2018-12-15 16:00:00+00:00,2026-09-09 12:52:20+00:00,0.2,1.29831,19.9,6.1,False,Mid Cap,6.874577499999999,Medium,0.9999819535639383,Gain
dai,dai,Dai,https://coin-images.coingecko.com/coins/images/9956/large/Badge_Dai.png?1696509996,0.999969,4572950189,23,4573790247,288804254.0,1.0,0.999723,-8.7371809065706e-05,-0.00874,-31359957.024763107,-0.6811,4573603999.255841,4586849364.832944,,1.22,-17.96337,2020-03-12 19:02:50+00:00,0.88196,13.38038,2023-03-10 23:50:50+00:00,2026-09-09 12:52:20+00:00,0.0,-0.00874,0.0,0.0,False,Mid Cap,0.002185,Low,0.9971123172959082,Loss
ethena-usde,usde,Ethena USDe,https://coin-images.coingecko.com/coins/images/33613/large/usde.png?1733810059,0.999701,4453938613,24,4453938613,94978023.0,0.999948,0.999517,6.234e-05,0.00624,53086751.0,1.20628,4455349159.130567,4456117739.295266,,1.034,-3.31937,2025-12-09 09:10:12+00:00,0.929486,7.55415,2024-10-03 23:57:15+00:00,2026-09-09 12:52:20+00:00,0.0,0.00624,0.0,0.0,False,Mid Cap,0.00156,Low,0.9998275224736721,Gain
usd1-wlfi,usd1,USD1,https://coin-images.coingecko.com/coins/images/54977/large/USD1_1000x1000_transparent.png?1749297002,0.999475,4277621071,25,4277621071,1063982070.0,0.999799,0.999325,-9.3988652567267e-05,-0.0094,19405388.0,0.45572,4280049884.324213,4280049884.324213,,1.048,-4.62404,2026-07-09 10:14:50+00:00,0.988762,1.08348,2026-07-09 09:13:20+00:00,2026-09-09 12:52:20+00:00,0.0,-0.0094,0.0,0.0,False,Mid Cap,0.00235,Low,1.0,Loss
litecoin,ltc,Litecoin,https://coin-images.coingecko.com/coins/images/2/large/litecoin.png?1696501400,54.2,4203373903,26,4203402684,313127805.0,55.68,53.64,-1.1950101163378832,-2.15738,-94159601.02423,-2.19101,77587829.3344047,77588585.58707905,84000000.0,410.26,-86.78974,2021-05-09 19:13:07+00:00,1.15,4617.47722,2015-01-13 16:00:00+00:00,2026-09-09 12:52:20+00:00,0.6,-2.15738,19.7,11.4,False,Mid Cap,8.464345,Medium,0.9999902530421373,Loss
canton-network,cc,Canton,https://coin-images.coingecko.com/coins/images/70468/large/Canton-Ticker_%281%29.png?1762826299,0.106204,4197231500,27,4197231500,10962252.0,0.110029,0.102222,0.00179979,1.72387,67922529.0,1.64489,39558504215.70418,39559086607.84083,,0.194152,-45.29851,2026-02-03 00:02:08+00:00,0.059024,79.93317,2025-12-06 02:32:09+00:00,2026-09-09 12:52:20+00:00,-0.5,1.72387,6.8,-5.4,False,Mid Cap,3.6059675,Low,0.9999852779175004,Gain
uniswap,uni,Uniswap,https://coin-images.coingecko.com/coins/images/12504/large/uniswap-logo.png?1720676669,6.71,4175942072,28,5966683253,534483901.0,7.0,6.58,-0.22583700399416173,-3.25811,-143876165.043746,-3.33061,623212423.7271129,890460420.0329479,1000000000.0,44.92,-85.07078,2021-05-02 21:25:04+00:00,1.03,550.95172,2020-09-16 17:20:38+00:00,2026-09-09 12:52:20+00:00,0.7,-3.25811,66.9,10.8,False,Mid Cap,20.414527500000002,High,0.6998766140600089,Loss
the-open-network,gram,Gram (prev. Toncoin),https://coin-images.coingecko.com/coins/images/17980/large/Gram_Circular_Badge.png?1781524778,1.4,3894647763,29,7335657729,34027852.0,1.41,1.38,0.00700556,0.50357,21605875.0,0.55785,2785222553.333754,5246046947.993682,,8.25,-83.05959,2024-06-14 16:36:51+00:00,0.519364,169.21305,2021-09-20 16:33:11+00:00,2026-09-09 12:52:20+00:00,0.4,0.50357,5.1,6.2,False,Mid Cap,3.0508925,Low,0.5309183430771517,Gain
hedera-hashgraph,hbar,Hedera,https://coin-images.coingecko.com/coins/images/3688/large/hbar.png?1696504364,0.07894,3458803480,30,3945562858,65050120.0,0.080852,0.078128,-0.001298913669943794,-1.61881,-58196565.37797403,-1.65472,43831559703.029594,50000000000.0,50000000000.0,0.569229,-86.1321,2021-09-15 02:40:28+00:00,0.00986111,700.51913,2020-01-02 09:30:24+00:00,2026-09-09 12:52:20+00:00,0.2,-1.61881,14.6,7.6,False,Mid Cap,6.0047025000000005,Medium,0.8766311940605919,Loss
avalanche-2,avax,Avalanche,https://coin-images.coingecko.com/coins/images/12559/large/Avalanche_Circle_RedWhite_Trans.png?1696512369,7.99,3450839116,31,3703947189,249542861.0,8.1,7.84,-0.05007766163346883,-0.62253,-22432379.830369473,-0.64586,431771961.1772119,463441061.1772119,720000000.0,144.96,-94.4854,2021-11-21 06:18:56+00:00,2.8,185.3926,2020-12-31 05:15:21+00:00,2026-09-09 12:52:20+00:00,0.4,-0.62253,22.3,12.7,False,Mid Cap,9.0056325,Medium,0.9316653126946594,Loss
near,near,NEAR Protocol,https://coin-images.coingecko.com/coins/images/10365/large/near.jpg?1696510367,2.63,3428013291,32,3428013283,627014411.0,2.61,2.25,0.330608,14.40658,431521079.0,14.40087,1305833298.0,1305860738.0,,20.44,-87.15415,2022-01-16 14:09:45+00:00,0.526762,398.41241,2020-11-04 08:09:15+00:00,2026-09-09 12:52:20+00:00,2.0,14.40658,56.9,40.5,False,Mid Cap,28.451645,High,0.9999789870395812,Strong Gain
sui,sui,Sui,https://coin-images.coingecko.com/coins/images/26375/large/sui-ocean-square.png?1727791290,0.819066,3351721715,33,8181841383,592006446.0,0.833475,0.796664,0.00454368,0.55783,14999716.0,0.44953,4096537146.5409594,10000000000.0,10000000000.0,5.35,-84.68052,2025-01-04 14:56:18+00:00,0.364846,124.49624,2023-10-19 02:40:30+00:00,2026-09-09 12:52:20+00:00,0.5,0.55783,17.4,14.5,False,Mid Cap,8.2394575,Medium,0.40965371465409595,Gain
global-dollar,usdg,Global Dollar,https://coin-images.coingecko.com/coins/images/51281/large/GDN_USDG_Token_200x200.png?1730484111,0.999946,3320592651,34,3320592651,1257867455.0,1.0,0.999798,-7.9263811967101e-05,-0.00793,71687595.0,2.20652,3320823580.23496,3320623572.585318,,1.65,-39.56263,2025-01-29 16:11:05+00:00,0.907561,10.17944,2024-11-11 15:55:50+00:00,2026-09-09 12:52:20+00:00,0.0,-0.00793,0.0,0.0,False,Mid Cap,0.0019825,Low,1.0000602319550138,Loss
shiba-inu,shib,Shiba Inu,https://coin-images.coingecko.com/coins/images/11939/large/shiba.png?1696511800,5.46e-06,3215262806,35,3216664103,69958164.0,5.51e-06,5.35e-06,1.7169e-08,0.31549,8595907.0,0.26806,589239301066730.6,589496238721205.9,,8.616e-05,-93.66378,2021-10-27 19:54:55+00:00,5.6366e-11,9685124.78992,2020-11-28 03:26:25+00:00,2026-09-09 12:52:20+00:00,0.5,0.31549,15.9,6.6,False,Mid Cap,5.8288725,Medium,0.9995641402987869,Gain
crypto-com-chain,cro,Cronos,https://coin-images.coingecko.com/coins/images/7310/large/cro_token_logo.png?1696507599,0.060385,2938324973,36,5986975477,19203734.0,0.06401,0.058574,-0.000128300265723816,-0.21202,890520.0,0.03032,48543862957.59556,98910560104.69458,100000000000.0,0.891544,-93.2269,2021-11-23 16:00:00+00:00,0.0121196,398.2444,2019-02-07 16:00:00+00:00,2026-09-09 12:52:20+00:00,0.3,-0.21202,26.9,11.7,False,Mid Cap,9.778005,Medium,0.49078544198125035,Loss
paypal-usd,pyusd,PayPal USD,https://coin-images.coingecko.com/coins/images/31212/large/PYUSD_Token_Logo_2x.png?1765987788,0.999904,2833595929,37,2833595929,50740073.0,1.0,0.999704,0.00010174,0.01018,-55372466.3320837,-1.91669,2833917074.8302283,2833917074.830228,,1.021,-2.041,2023-10-23 14:44:57+00:00,0.959426,4.21898,2024-12-05 14:31:13+00:00,2026-09-09 12:52:20+00:00,0.0,0.01018,0.0,0.0,False,Mid Cap,0.002545,Low,1.0000000000000002,Gain
blackrock-usd-institutional-digital-liquidity-fund,buidl,BlackRock USD Institutional Digital Liquidity Fund,https://coin-images.coingecko.com/coins/images/36291/large/blackrock.png?1711013223,1.0,2817664206,38,2817664206,0.0,1.0,1.0,-1.11e-16,0.0,-14618660.130000591,-0.51614,2817664205.670449,2817664205.670449,,1.0,0.0,2025-02-11 21:00:10+00:00,1.0,0.0,2026-07-23 07:25:00+00:00,2026-09-09 12:52:20+00:00,0.0,0.0,0.0,0.0,False,Mid Cap,0.0,Low,1.0,No Change
tether-gold,xaut,Tether Gold,https://coin-images.coingecko.com/coins/images/10481/large/logo.png?1774627372,4395.49,2693509295,39,3110720896,178707551.0,4411.13,4343.14,-1.6480170045670093,-0.03748,-1163844.94978714,-0.04319,612823.6595320001,707747.089,,5504.62,-20.14892,2026-01-28 16:00:00+00:00,1447.84,203.58957,2020-03-19 05:45:41+00:00,2026-09-09 12:52:20+00:00,0.1,-0.03748,2.1,2.2,False,Mid Cap,1.1093700000000002,Low,0.8658794491092566,Loss
memecore,m,MemeCore,https://coin-images.coingecko.com/coins/images/53247/large/square-bg-transparent.png?1752637478,1.18,2688684001,40,6408127771,1474699.0,1.25,1.16,0.01069885,0.9116,24004110.0,0.90083,2270824656.754199,5412199083.542232,10000000000.0,5.64,-79.01384,2026-07-02 04:14:00+00:00,0.04746135,2395.3606,2025-07-03 19:56:17+00:00,2026-09-09 12:52:20+00:00,-0.2,0.9116,9.1,13.7,False,Mid Cap,5.9779,Medium,0.41957522657647073,Gain
hashnote-usyc,usyc,Circle USYC,https://coin-images.coingecko.com/coins/images/51054/large/Hashnote_SDYC_200x200.png?1730370965,1.14,2624518387,41,2624518387,0.0,1.14,1.14,6.584e-05,0.00579,178060.0,0.00678,2309010956.409942,2309010956.409942,,1.14,0.0,2026-09-08 13:00:10+00:00,1.026,10.7727,2024-12-05 14:31:20+00:00,2026-09-09 12:52:20+00:00,0.0,0.00579,0.3,0.1,False,Mid Cap,0.1014475,Low,1.0,Gain
bittensor,tao,Bittensor,https://coin-images.coingecko.com/coins/images/28452/large/ARUsPeNQ_400x400.jpeg?1696527447,268.53,2577929193,42,5640694329,261892672.0,269.03,249.72,15.09,5.95217,145460288.0,5.97994,9597491.0,21000000.0,21000000.0,757.6,-64.55487,2024-03-07 10:45:36+00:00,30.83,771.01639,2023-05-14 00:57:53+00:00,2026-09-09 12:52:20+00:00,2.1,5.95217,30.6,22.7,False,Mid Cap,15.3380425,Medium,0.45702338095238093,Strong Gain
ripple-usd,rlusd,Ripple USD,https://coin-images.coingecko.com/coins/images/39651/large/RLUSD_200x200_%281%29.png?1727376633,1.0,2437966716,43,2441827157,226720536.0,1.0,0.999768,0.00021676,0.02168,4496086.0,0.18476,2437740048.107196,2434600130.107194,,1.073,-6.77426,2024-12-26 02:45:52+00:00,0.962292,3.93339,2024-12-17 20:40:40+00:00,2026-09-09 12:52:20+00:00,0.0,0.02168,0.0,0.0,False,Mid Cap,0.00542,Low,1.0012897058375922,Gain
okb,okb,OKB,https://coin-images.coingecko.com/coins/images/4463/large/WeChat_Image_20220118095654.png?1696505053,114.46,2403374087,44,2403374087,20190691.0,115.23,113.34,-0.7851926341363367,-0.68135,-16670518.551241398,-0.68885,21000000.0,21000000.0,21000000.0,228.74,-49.9627,2025-10-04 16:00:00+00:00,0.580608,19612.96079,2019-01-13 16:00:00+00:00,2026-09-09 12:52:20+00:00,0.1,-0.68135,21.2,7.5,False,Mid Cap,7.3703375,Medium,1.0,Loss
ondo-us-dollar-yield,usdy,Ondo US Dollar Yield,https://coin-images.coingecko.com/coins/images/31700/large/usdy_%281%29.png?1696530524,1.15,2203613466,45,2203613466,3586384.0,1.15,1.14,0.00028222,0.02464,-2229015.252038002,-0.10105,1926227461.922417,1926227461.922417,,1.26,-9.30559,2024-03-26 21:24:08+00:00,0.934184,22.62171,2024-01-14 03:40:50+00:00,2026-09-09 12:52:20+00:00,0.0,0.02464,0.4,0.4,False,Mid Cap,0.20616,Low,1.0,Gain
mantle,mnt,Mantle,https://coin-images.coingecko.com/coins/images/30980/large/MNT_Token_Logo.png?1765516974,0.639367,2111012378,46,3975737235,31303521.0,0.652427,0.619758,0.00999046,1.58736,32627337.0,1.56984,3302294382.53684,6219316794.889999,6219316794.89,2.86,-77.60582,2025-10-08 17:04:46+00:00,0.307978,107.6017,2023-10-17 18:50:46+00:00,2026-09-09 12:52:20+00:00,0.2,1.58736,48.7,16.3,False,Mid Cap,16.69684,Medium,0.5309738177753087,Gain
aster-2,aster,Aster,https://coin-images.coingecko.com/coins/images/69040/large/_ASTER.png?1757326782,0.752707,2034307172,47,5871024808,133673823.0,0.765651,0.740041,-0.007646568095886042,-1.00566,-21743915.752354145,-1.05756,2704071066.7997313,7803968119.651995,8000000000.0,2.41,-68.75094,2025-09-24 03:18:14+00:00,0.099713,654.87027,2025-09-17 04:05:36+00:00,2026-09-09 12:52:20+00:00,-0.2,-1.00566,24.1,7.7,False,Mid Cap,8.251415000000001,Medium,0.34649950196366447,Loss
polkadot,dot,Polkadot,https://coin-images.coingecko.com/coins/images/12171/large/polkadot.jpg?1766533446,1.18,2000661575,48,2000662976,429545323.0,1.28,1.061,0.084569,7.74938,143481684.0,7.72578,1701951273.5138,1701957999.857161,2100000000.0,54.98,-97.86123,2021-11-04 06:10:09+00:00,0.727004,61.74245,2026-08-18 02:57:10+00:00,2026-09-09 12:52:20+00:00,0.7,7.74938,46.6,40.5,False,Mid Cap,23.887345,High,0.9999960478793474,Strong Gain
aave,aave,Aave,https://coin-images.coingecko.com/coins/images/12645/large/aave-token-round.png?1720472354,129.42,1994815085,49,2068838081,189853351.0,131.05,126.85,0.140032,0.10831,290973.0,0.01459,15427520.23413867,16000000.0,16000000.0,661.69,-80.44031,2021-05-18 13:19:59+00:00,26.02,397.34379,2020-11-05 01:20:11+00:00,2026-09-09 12:52:20+00:00,0.4,0.10831,42.0,2.0,False,Mid Cap,11.1270775,Medium,0.9642200146336668,Gain
pump-fun,pump,Pump.fun,https://coin-images.coingecko.com/coins/images/67164/large/pump.jpg?1751949376,0.00473615,1963754249,50,3952603731,243564275.0,0.00461198,0.00424285,0.0004116,9.51769,255545610.0,14.95986,414835547764.7695,834972366903.9573,1000000000000.0,0.00881908,-46.29656,2025-09-14 08:42:40+00:00,0.00115473,310.15364,2026-06-25 17:04:20+00:00,2026-09-09 12:52:20+00:00,3.3,9.51769,68.0,9.3,False,Mid Cap,22.5294225,High,0.49682548094730655,Strong Gain
pax-gold,paxg,PAX Gold,https://coin-images.coingecko.com/coins/images/9519/large/asset-paxg.png?1785284785,4399.0,1902446146,51,1902446146,127758090.0,4413.97,4348.7,-1.9704712858620042,-0.04477,-987351.7455191612,-0.05187,432503.312051,432503.312051,,5619.09,-21.71335,2026-01-28 22:30:56+00:00,1399.64,214.2946,2019-11-17 19:09:35+00:00,2026-09-09 12:52:20+00:00,0.1,-0.04477,1.9,2.1,False,Mid Cap,1.0361924999999998,Low,1.0,Loss
ondo-finance,ondo,Ondo,https://coin-images.coingecko.com/coins/images/26580/large/ONDO.png?1696525656,0.378855,1844153057,52,3787282463,103835001.0,0.385685,0.369949,0.00143359,0.37984,6362295.0,0.34619,4869330647.0,10000000000.0,10000000000.0,2.14,-82.29778,2024-12-15 16:36:00+00:00,0.082171,361.05715,2024-01-18 04:14:30+00:00,2026-09-09 12:52:20+00:00,0.4,0.37984,7.9,10.9,False,Mid Cap,4.89496,Low,0.4869330647,Gain
world-liberty-financial,wlfi,World Liberty Financial,https://coin-images.coingecko.com/coins/images/50767/large/wlfi.png?1756438915,0.055909,1777074010,53,5592306876,21975015.0,0.056457,0.055395,-1.9310325345745e-05,-0.03453,-174750.32661271095,-0.00983,31777118978.0,100000000000.0,100000000000.0,0.331336,-83.1261,2025-09-01 04:20:09+00:00,0.050799,10.06026,2026-08-09 02:00:00+00:00,2026-09-09 12:52:20+00:00,0.0,-0.03453,5.2,-2.2,False,Mid Cap,1.8586325000000001,Low,0.31777118978,Loss
worldcoin-wld,wld,Worldcoin,https://coin-images.coingecko.com/coins/images/31069/large/worldcoin.jpeg?1696529903,0.45334,1666255630,54,4529343445,244335076.0,0.492671,0.44254,-0.024398798004698352,-5.10715,-90527773.90821385,-5.15304,3678801685.83609,10000000000.0,10000000000.0,11.74,-96.13871,2024-03-09 16:10:42+00:00,0.229961,97.13729,2026-05-18 15:06:00+00:00,2026-09-09 12:52:20+00:00,0.9,-5.10715,32.7,25.5,False,Mid Cap,16.0517875,Medium,0.367880168583609,Strong Loss
ethena,ena,Ethena,https://coin-images.coingecko.com/coins/images/36530/large/ethena.png?1711701436,0.164703,1661523370,55,2468754736,454726753.0,0.168753,0.157077,0.00514214,3.22268,50706712.0,3.14789,10095312500.0,15000000000.0,15000000000.0,1.52,-89.14787,2024-04-11 05:15:15+00:00,0.070228,134.52449,2026-06-30 15:44:00+00:00,2026-09-09 12:52:20+00:00,0.4,3.22268,82.4,8.3,False,Mid Cap,23.58067,High,0.6730208333333333,Gain
morpho,morpho,Morpho,https://coin-images.coingecko.com/coins/images/29837/large/Morpho-token-icon.png?1726771230,2.35,1615925690,56,2345878654,32960383.0,2.44,2.31,-0.08362937860374808,-3.44081,-58178659.69190812,-3.47521,688836009.0690854,1000000000.0,1000000000.0,4.17,-43.72791,2025-01-17 04:46:19+00:00,0.713151,229.08695,2024-11-24 17:55:43+00:00,2026-09-09 12:52:20+00:00,-0.3,-3.44081,19.8,-6.8,False,Mid Cap,7.5852025,Medium,0.6888360090690854,Loss
internet-computer,icp,Internet Computer,https://coin-images.coingecko.com/coins/images/14495/large/Internet_Computer_logo.png?1696514180,2.88,1602078659,57,1602078659,64583405.0,3.07,2.83,-0.19130506211995923,-6.22744,-106702707.06330085,-6.24437,556266976.1055539,556267110.7903996,,700.65,-99.58886,2021-05-10 08:05:53+00:00,2.0,43.84105,2026-08-01 20:31:10+00:00,2026-09-09 12:52:20+00:00,0.3,-6.22744,29.4,15.4,False,Mid Cap,12.831859999999999,Medium,0.9999997578773883,Strong Loss
pepe,pepe,Pepe,https://coin-images.coingecko.com/coins/images/29850/large/pepe-token.jpeg?1696528776,3.72e-06,1564638312,58,1564638312,235834926.0,3.76e-06,3.55e-06,9.515e-08,2.62474,39584492.0,2.59561,420690000000000.0,420690000000000.0,420690000000000.0,2.803e-05,-86.72666,2024-12-09 08:30:35+00:00,5.5142e-08,6646.6703,2023-04-17 18:14:41+00:00,2026-09-09 12:52:20+00:00,0.9,2.62474,28.9,9.0,False,Mid Cap,10.356185,Medium,1.0,Gain
htx-dao,htx,HTX DAO,https://coin-images.coingecko.com/coins/images/35491/large/Frame_1321318576.png?1708908626,1.69e-06,1517586438,59,1517586438,26884664.0,1.7e-06,1.68e-06,-9.003946769e-09,-0.5301,-8082255.07111764,-0.52975,898232728634017.2,898232728634017.2,999990000000000.0,3.75e-06,-54.96414,2024-12-03 16:16:20+00:00,8.00816e-07,110.97463,2024-08-05 05:31:33+00:00,2026-09-09 12:52:20+00:00,0.0,-0.5301,-6.7,5.4,False,Mid Cap,3.157525,Low,1.0,Loss
sky,sky,Sky,https://coin-images.coingecko.com/coins/images/39925/large/sky.jpg?1724827980,0.064632,1514171869,60,1516434507,8590186.0,0.068149,0.064162,-0.002662982064909267,-3.95721,-62453096.92111683,-3.96119,23427657038.189835,23462665147.36596,23462665147.3,0.100535,-35.71257,2024-12-04 02:13:57+00:00,0.03582727,80.39754,2025-02-02 21:01:48+00:00,2026-09-09 12:52:20+00:00,0.8,-3.95721,21.3,-7.6,False,Mid Cap,8.4143025,Medium,0.9985079227378372,Loss
usdd,usdd,USDD,https://coin-images.coingecko.com/coins/images/25380/large/UUSD.jpg?1696524513,0.999617,1497213887,61,1497554305,5726498.0,0.999947,0.998458,-4.8373989589789e-05,-0.00484,35755633.0,2.44657,1497816145.0,1501818851.0,,1.24,-19.529,2026-07-09 09:35:10+00:00,0.928067,7.70959,2022-06-19 08:15:11+00:00,2026-09-09 12:52:20+00:00,0.1,-0.00484,0.0,0.0,False,Mid Cap,0.02621,Low,0.9973347611149409,Loss
bitget-token,bgb,Bitget Token,https://coin-images.coingecko.com/coins/images/11610/large/Bitget_logo.png?1736925727,2.0,1397326141,62,1818382920,11884593.0,2.02,1.96,0.02022902,1.02369,14079681.0,1.01787,699992029.6481038,910920874.6481038,2000000000.0,8.45,-76.37584,2024-12-27 03:41:24+00:00,0.0142795,13880.30302,2020-06-24 20:17:05+00:00,2026-09-09 12:52:20+00:00,-0.2,1.02369,21.3,4.9,False,Mid Cap,6.8559225,Medium,0.7684443831836837,Gain
usdgo,usdgo,USDGO,https://coin-images.coingecko.com/coins/images/102172077/large/USDGO_%287%29.png?1771437018,1.0,1373753464,63,1373753464,58603921.0,1.0,0.99995,0.00011241,0.01124,8143462.0,0.59632,1373442039.16,1373442039.16,,1.002,-0.21777,2026-03-11 00:04:22+00:00,0.999259,0.09682,2026-05-13 20:34:00+00:00,2026-09-09 12:52:20+00:00,0.0,0.01124,0.0,0.0,False,Mid Cap,0.00281,Low,1.0,Gain
falcon-finance,usdf,Falcon USD,https://coin-images.coingecko.com/coins/images/54558/large/ff_200_X_200.png?1740741076,0.996795,1340151275,64,1340151275,353174.0,1.001,0.991216,0.00017336,0.01739,594182.0,0.04436,1344475004.618144,1344475004.618144,,1.075,-7.2388,2025-05-08 13:25:42+00:00,0.943422,5.65739,2025-07-08 02:16:34+00:00,2026-09-09 12:52:20+00:00,0.0,0.01739,0.1,0.0,False,Mid Cap,0.029347500000000002,Low,1.0,Gain
bfusd,bfusd,BFUSD,https://coin-images.coingecko.com/coins/images/68227/large/bfusd.png?1755132827,0.999672,1319544051,65,1319544051,2013624.0,0.99995,0.999489,0.0001138,0.01138,127153.0,0.00964,1320000000.0,1320000000.0,,1.007,-0.72025,2025-10-10 13:40:40+00:00,0.996931,0.27497,2026-07-29 19:14:40+00:00,2026-09-09 12:52:20+00:00,0.0,0.01138,0.1,0.0,False,Mid Cap,0.027845,Low,1.0,Gain
ethereum-classic,etc,Ethereum Classic,https://coin-images.coingecko.com/coins/images/453/large/ethereum-classic-logo.png?1696501717,8.34,1319039454,66,1319039454,120093736.0,9.02,8.13,0.113301,1.37674,17921202.0,1.37737,158119062.8308285,158119477.0392587,210700000.0,167.09,-95.00678,2021-05-06 10:34:22+00:00,0.615038,1256.49138,2016-07-24 16:00:00+00:00,2026-09-09 12:52:20+00:00,0.8,1.37674,28.7,16.3,False,Mid Cap,11.794184999999999,Medium,0.9999973804085496,Gain
venice-token,vvv,Venice Token,https://coin-images.coingecko.com/coins/images/54023/large/VVV_Token_Transparent.png?1741856877,27.36,1309926472,67,2213539932,286437125.0,29.19,18.77,8.31,43.6433,399337052.0,43.85479,47901279.84096438,80972884.09714592,,29.19,-6.26115,2026-09-09 07:42:00+00:00,0.91975,2874.60175,2025-12-01 10:55:48+00:00,2026-09-09 12:52:20+00:00,3.1,43.6433,122.8,69.1,True,Mid Cap,59.660825,High,0.5915718622976994,Strong Gain
united-stables,u,United Stables,https://coin-images.coingecko.com/coins/images/71157/large/united-stables-logo.jpg?1766061640,0.999041,1286286547,68,1286286547,169384133.0,0.999421,0.998906,-1.5267400291119e-05,-0.00153,-5492983.905457258,-0.42523,1287500007.8,1288500007.8,,1.008,-0.86701,2026-02-05 13:06:07+00:00,0.968158,3.18989,2025-12-20 16:47:20+00:00,2026-09-09 12:52:20+00:00,0.0,-0.00153,0.0,0.0,False,Mid Cap,0.0003825,Low,0.9992239037687649,Loss
lighter,lit,Lighter,https://coin-images.coingecko.com/coins/images/71121/large/lighter.png?1765888098,5.06,1263832237,69,5055328949,124555661.0,5.31,4.65,0.217269,4.48998,54086397.0,4.47089,250000000.0,1000000000.0,1000000000.0,7.86,-35.66945,2025-12-30 01:05:21+00:00,0.779399,548.73767,2026-03-31 09:55:00+00:00,2026-09-09 12:52:20+00:00,0.8,4.48998,125.6,43.9,False,Mid Cap,43.697494999999996,High,0.25,Gain
spiko-amundi-overnight-swap-fund-eur,eursafo,Spiko Amundi Overnight Swap Fund (EUR),https://coin-images.coingecko.com/coins/images/102172591/large/Fund_eurSAF0.png?1774104814,1.18,1248006514,70,1248006514,0.0,1.18,1.18,0.00312335,0.26566,3308072.0,0.26577,1058698463.14974,1077468076.07545,,1.18,-0.41821,2026-08-21 11:35:00+00:00,1.15,2.14105,2026-07-30 07:40:10+00:00,2026-09-09 12:52:20+00:00,0.1,0.26566,1.0,0.7,False,Mid Cap,0.516415,Low,0.982579889518327,Gain
bitway,btw,Bitway,https://coin-images.coingecko.com/coins/images/71205/large/BTW_Token_200x200.png?1786291907,0.449704,1217952783,71,4497373685,7722490.0,0.46133,0.429682,0.00214637,0.47957,5901948.0,0.48694,2708142280.000001,10000000000.0,10000000000.0,0.745279,-39.65959,2026-08-19 09:36:00+00:00,0.00911805,4832.02426,2026-03-03 06:55:24+00:00,2026-09-09 12:52:20+00:00,0.2,0.47957,154.7,2.9,False,Mid Cap,39.569892499999995,High,0.2708142280000001,Gain
arbitrum,arb,Arbitrum,https://coin-images.coingecko.com/coins/images/16547/large/arb.jpg?1721358242,0.167521,1118282723,72,1674558263,269931255.0,0.174571,0.163302,-0.004708870341670751,-2.73406,-31881432.660689592,-2.7719,6678075931.0,10000000000.0,10000000000.0,2.39,-92.99158,2024-01-12 04:29:59+00:00,0.07048,137.68617,2026-06-26 13:20:40+00:00,2026-09-09 12:52:20+00:00,0.5,-2.73406,109.9,50.5,False,Mid Cap,40.908515,High,0.6678075931,Loss
pi-network,pi,Pi Network,https://coin-images.coingecko.com/coins/images/54342/large/pi_network.jpg?1739347576,0.097807,1089725237,73,1676500364,6875049.0,0.099584,0.095626,0.00134658,1.39598,14990979.0,1.39485,11141680597.248924,17141047072.69065,100000000000.0,2.99,-96.72624,2025-02-26 08:41:03+00:00,0.070586,38.56454,2026-07-14 02:37:30+00:00,2026-09-09 12:52:20+00:00,-0.4,1.39598,9.8,4.5,False,Mid Cap,4.023995,Low,0.65,Gain
polygon-ecosystem-token,pol,POL (ex-MATIC),https://coin-images.coingecko.com/coins/images/32440/large/pol.png?1759114181,0.097828,1047415811,74,1047415811,88186102.0,0.099879,0.094888,0.00114821,1.18764,11916617.0,1.15081,10711198045.42806,10711198045.42806,,1.29,-92.40208,2024-03-13 10:55:06+00:00,0.067711,44.47851,2026-07-01 01:13:30+00:00,2026-09-09 12:52:20+00:00,1.7,1.18764,26.9,8.9,False,Mid Cap,9.67191,Medium,1.0,Gain
cosmos,atom,Cosmos Hub,https://coin-images.coingecko.com/coins/images/1481/large/cosmos_hub.png?1696502525,1.93,1023228373,75,1023231189,116996697.0,2.03,1.71,0.176313,10.04433,93679982.0,10.07801,529725065.656921,529733011.592082,,43.84,-95.59433,2021-09-19 16:00:00+00:00,1.16,66.51531,2020-03-12 18:27:44+00:00,2026-09-09 12:52:20+00:00,-3.6,10.04433,38.4,30.8,False,Mid Cap,20.7110825,High,0.999985000113289,Strong Gain
kaspa,kas,Kaspa,https://coin-images.coingecko.com/coins/images/25751/large/kaspa-icon-exchanges.png?1696524837,0.03584008,992260145,76,992378737,18537962.0,0.03715227,0.03472699,0.00096311,2.76145,26621612.0,2.75689,27686994077.202873,27690422706.12956,28704026601.0,0.207411,-82.72026,2024-07-31 16:40:47+00:00,0.00017105,20853.03421,2022-05-26 06:42:59+00:00,2026-09-09 12:52:20+00:00,2.4,2.76145,38.4,33.1,False,Small Cap,19.1653625,Medium,0.999876179971571,Gain
gatechain-token,gt,Gate,https://coin-images.coingecko.com/coins/images/8183/large/200X200.png?1735246724,9.27,988207886,77,1101756129,2146257.0,9.31,9.06,0.148073,1.6241,16118137.0,1.65809,106622011.15518121,118873292.38247202,142622844.0,25.38,-63.49603,2025-01-25 16:00:00+00:00,0.25754,3497.6223,2020-03-12 18:18:02+00:00,2026-09-09 12:52:20+00:00,0.1,1.6241,36.8,16.7,False,Small Cap,13.806024999999998,Medium,0.8969383199392459,Gain
quant-network,qnt,Quant,https://coin-images.coingecko.com/coins/images/3370/large/5ZOu7brX_400x400.jpg?1696504070,67.82,986508376,78,991142198,17752499.0,69.83,66.6,1.16,1.73957,16924714.0,1.74557,14544176.164081175,14612493.0,14612493.0,427.42,-84.13176,2021-09-11 01:15:00+00:00,0.215773,31333.17613,2018-08-22 16:00:00+00:00,2026-09-09 12:52:20+00:00,-0.4,1.73957,16.4,7.0,False,Small Cap,6.384892499999999,Medium,0.9953247651910714,Gain
blockchain-capital,bcap,Blockchain Capital,https://coin-images.coingecko.com/coins/images/56040/large/bcap_logo_200.png?1748088291,106.49,970348700,79,970348700,0.0,106.49,106.22,0.27,0.25419,2460270.0,0.25419,9112111.0,9112111.0,,106.49,0.0,2026-09-08 22:20:10+00:00,17.76,499.60586,2025-06-02 12:50:02+00:00,2026-09-09 12:52:20+00:00,0.0,0.25419,0.3,0.3,True,Small Cap,0.2135475,Low,1.0,Gain
kucoin-shares,kcs,KuCoin,https://coin-images.coingecko.com/coins/images/1047/large/sa9z79.png?1696502152,7.0,960346659,80,995356192,2778265.0,7.05,6.95,0.00929399,0.1329,1177183.0,0.12273,137155021.2773955,142155021.2773955,,28.83,-75.71056,2021-12-01 07:09:35+00:00,0.342863,1942.39483,2019-02-06 16:00:00+00:00,2026-09-09 12:52:20+00:00,0.2,0.1329,4.7,1.3,False,Small Cap,1.583225,Low,0.9648271305855373,Gain
algorand,algo,Algorand,https://coin-images.coingecko.com/coins/images/4380/large/download.png?1696504978,0.100392,906910882,81,906912941,41220102.0,0.103137,0.096825,0.00170371,1.72636,14831168.0,1.66254,9039728572.301533,9039765246.907522,10000000000.0,3.56,-97.18092,2019-06-20 06:51:19+00:00,0.075732,32.56201,2026-07-29 20:10:10+00:00,2026-09-09 12:52:20+00:00,0.7,1.72636,19.0,11.2,False,Small Cap,8.15659,Medium,0.9999959429692047,Gain
eutbl,eutbl,Spiko EU T-Bills Money Market Fund,https://coin-images.coingecko.com/coins/images/39657/large/EUTBL.png?1723517425,1.23,881781655,82,881781655,0.0,1.23,1.23,0.00333593,0.27135,-1006977.0137735605,-0.11407,715302976.77384,715302976.77384,,1.26,-2.24253,2026-01-27 13:00:08+00:00,1.011,21.94021,2024-08-15 01:45:23+00:00,2026-09-09 12:52:20+00:00,0.2,0.27135,1.0,0.7,False,Small Cap,0.5428375,Low,1.0,Gain
nexo,nexo,NEXO,https://coin-images.coingecko.com/coins/images/3695/large/CG-nexo-token-200x200_2x.png?1730414360,0.845883,846456415,83,846456415,2783498.0,0.849872,0.821065,0.02304903,2.80118,23622565.0,2.87088,1000000000.0,1000000000.0,1000000000.0,4.07,-79.20627,2021-05-12 06:37:47+00:00,0.04515276,1773.38017,2018-09-12 16:00:00+00:00,2026-09-09 12:52:20+00:00,0.0,2.80118,16.4,1.6,False,Small Cap,5.200295,Medium,1.0,Gain
just,jst,JUST,https://coin-images.coingecko.com/coins/images/11095/large/JUST.jpg?1696511035,0.102968,843162146,84,843162146,24093085.0,0.110037,0.102905,-0.003179704433608294,-2.99556,-26051621.171274304,-2.99715,8188743036.341737,8188743036.341737,9900000000.0,0.193254,-46.71903,2021-04-04 20:34:23+00:00,0.00476275,2061.93904,2020-05-08 22:08:54+00:00,2026-09-09 12:52:20+00:00,-0.2,-2.99556,3.0,-1.0,False,Small Cap,1.79889,Low,1.0,Loss
jupiter-exchange-solana,jup,Jupiter,https://coin-images.coingecko.com/coins/images/34188/large/jup.png?1704266489,0.252391,837391257,85,1730722334,86901626.0,0.253844,0.235435,0.01046548,4.32591,34122669.0,4.24798,3320312968.08,6862431106.912057,10000000000.0,2.0,-87.38053,2024-01-31 07:02:47+00:00,0.135801,85.85371,2026-02-12 10:35:44+00:00,2026-09-09 12:52:20+00:00,1.6,4.32591,36.9,18.9,False,Small Cap,15.4314775,Medium,0.4838391695817064,Gain
dash,dash,Dash,https://coin-images.coingecko.com/coins/images/19/large/dash-logo.png?1696501423,64.79,830815535,86,830816453,190884210.0,66.34,61.47,1.3,2.05451,16384734.0,2.0118,12828352.02901614,12828387.07391258,18920000.0,1493.59,-95.66236,2017-12-19 16:00:00+00:00,0.213899,30188.3754,2014-02-13 16:00:00+00:00,2026-09-09 12:52:20+00:00,0.5,2.05451,110.9,57.2,False,Small Cap,42.663627500000004,High,0.9999972681759416,Gain
superstate-short-duration-us-government-securities-fund-ustb,ustb,Invesco Short Duration US Government Securities Fund,https://coin-images.coingecko.com/coins/images/35012/large/Invesco_icon_lg.png?1780816895,11.2,820712702,87,820712702,0.0,11.2,11.2,0.001061,0.00947,46130588.0,5.95555,73267727.74825,73267727.74825,,11.2,0.0,2026-09-08 16:15:00+00:00,10.29,8.85069,2025-02-26 01:55:09+00:00,2026-09-09 12:52:20+00:00,0.0,0.00947,0.3,0.0,False,Small Cap,0.07736749999999999,Low,1.0,Gain
render-token,render,Render,https://coin-images.coingecko.com/coins/images/11636/large/rndr.png?1696511529,1.54,798482676,88,821201212,47098502.0,1.54,1.48,0.02818667,1.86383,13945125.0,1.7775,518772101.28269154,533532274.5626915,644245094.0,13.53,-88.61826,2024-03-17 08:30:24+00:00,0.03665669,4102.46287,2020-06-16 05:22:25+00:00,2026-09-09 12:52:20+00:00,1.4,1.86383,18.5,9.7,False,Small Cap,7.8659575,Medium,0.9723349945566121,Gain
janus-henderson-anemoy-treasury-fund,jtrsy,Janus Henderson Anemoy Treasury Fund,https://coin-images.coingecko.com/coins/images/70445/large/JTRSY.png?1762078582,1.12,774942361,89,774942361,0.0,1.12,1.12,0.000412,0.03695,-24713775.005846977,-3.09055,694720859.594534,694720859.594534,,1.12,0.0,2026-09-08 13:50:10+00:00,1.085,2.83027,2025-11-12 20:05:05+00:00,2026-09-09 12:52:20+00:00,0.0,0.03695,0.3,0.1,False,Small Cap,0.1092375,Low,1.0,Gain
stable-2,stable,​​Stable,https://coin-images.coingecko.com/coins/images/69242/large/stable-logotype-framed-square-light.png?1762753913,0.0285433,746776702,90,2854238631,7223210.0,0.02906366,0.02823008,-0.000546383669890012,-1.87827,-13444120.681908369,-1.76845,26163779492.0,100000000000.0,100000000000.0,0.04323745,-33.98478,2026-05-14 23:31:00+00:00,0.0092214,209.53334,2025-12-23 21:49:32+00:00,2026-09-09 12:52:20+00:00,0.4,-1.87827,-12.3,0.3,False,Small Cap,3.7195675,Low,0.26163779492,Loss
pancakeswap-token,cake,PancakeSwap,https://coin-images.coingecko.com/coins/images/12632/large/pancakeswap-cake-logo_%281%29.png?1696512440,2.3,737121987,91,764000259,72443200.0,2.32,2.26,-0.00988282900520554,-0.42732,-3377622.585098982,-0.45613,320182300.34521115,331857365.1830818,400000000.0,43.96,-94.76199,2021-04-30 02:08:22+00:00,0.194441,1084.35651,2020-11-03 06:29:34+00:00,2026-09-09 12:52:20+00:00,0.1,-0.42732,58.3,28.2,False,Small Cap,21.75683,High,0.9648190275016808,Loss
janus-henderson-anemoy-aaa-clo-fund,jaaa,Janus Henderson Anemoy AAA CLO Fund,https://coin-images.coingecko.com/coins/images/70446/large/jaaa.png?1762078666,1.049,711458264,92,711458264,0.0,1.049,1.048,0.00069,0.06583,491538.0,0.06914,678322870.428591,679991365.72342,,1.049,0.0,2026-09-09 11:20:00+00:00,1.009,3.89921,2025-12-06 06:10:05+00:00,2026-09-09 12:52:20+00:00,0.0,0.06583,0.4,0.1,False,Small Cap,0.1414575,Low,0.9975462992930006,Gain
gho,gho,GHO,https://coin-images.coingecko.com/coins/images/30663/large/gho-token-logo.png?1720517092,0.998376,697851656,93,697851656,8872777.0,0.999002,0.998333,-0.000149301448728267,-0.01495,-117643.8235116005,-0.01686,699000000.0,699000000.0,,1.03,-3.05544,2024-02-28 09:15:58+00:00,0.917065,8.8664,2023-10-23 20:41:04+00:00,2026-09-09 12:52:20+00:00,0.0,-0.01495,0.0,0.0,False,Small Cap,0.0037375,Low,1.0,Loss
filecoin,fil,Filecoin,https://coin-images.coingecko.com/coins/images/12817/large/filecoin.png?1696512609,0.843393,697462030,94,1650029043,82418379.0,0.875856,0.825248,-0.0086602938934085,-1.0164,-7236609.933952451,-1.02691,827249325.0,1957074799.0,,236.84,-99.64389,2021-04-01 05:29:41+00:00,0.612413,37.71628,2026-08-18 03:52:30+00:00,2026-09-09 12:52:20+00:00,2.0,-1.0164,21.2,9.1,False,Small Cap,8.3291,Medium,0.42269683581981476,Loss
vechain,vet,VeChain,https://coin-images.coingecko.com/coins/images/1167/large/VET.png?1742383283,0.00776503,667795709,95,667795709,23569903.0,0.00815912,0.00760247,-7.4142233725072e-05,-0.94579,-6255510.105474472,-0.92805,85985041177.0,85985041177.0,86712634466.0,0.280991,-97.23656,2021-04-18 17:08:21+00:00,0.00191713,305.03318,2020-03-12 18:29:59+00:00,2026-09-09 12:52:20+00:00,-0.4,-0.94579,64.0,18.3,False,Small Cap,20.9114475,High,1.0,Loss
injective-protocol,inj,Injective,https://coin-images.coingecko.com/coins/images/12882/large/Other_200x200.png?1738782212,6.29,628810914,96,628810914,123849876.0,6.56,6.2,0.00288018,0.04581,103477.0,0.01646,100000000.0,100000000.0,,52.62,-88.04661,2024-03-14 07:06:22+00:00,0.657401,856.79138,2020-11-03 08:19:30+00:00,2026-09-09 12:52:20+00:00,1.0,0.04581,42.1,32.5,False,Small Cap,18.911452500000003,Medium,1.0,Gain
official-trump,trump,Official Trump,https://coin-images.coingecko.com/coins/images/53746/large/trump.png?1737171561,2.25,615187826,97,2252303991,160862404.0,2.28,2.2,-0.00099757903303388,-0.04425,-551330.3791822195,-0.08954,273137120.287634,1000000000.0,1000000000.0,73.43,-96.93134,2025-01-19 03:50:34+00:00,1.37,64.44877,2026-08-13 18:40:30+00:00,2026-09-09 12:52:20+00:00,0.7,-0.04425,49.9,1.6,False,Small Cap,13.0610625,Medium,0.27313712028763404,Loss
beldex,bdx,Beldex,https://coin-images.coingecko.com/coins/images/5111/large/Beldex.png?1696505631,0.076241,599993007,98,757713294,11091967.0,0.077812,0.075156,-0.001504991084358476,-1.93579,-11909738.475854516,-1.94634,7870575785.025305,9939516418.91146,,0.450785,-83.08714,2018-12-16 16:00:00+00:00,0.00027519,27605.16062,2019-11-01 03:05:12+00:00,2026-09-09 12:52:20+00:00,0.6,-1.93579,-16.4,-3.4,False,Small Cap,5.5839475,Medium,0.7918469524382818,Loss
ether-fi,ethfi,Ether.fi,https://coin-images.coingecko.com/coins/images/35958/large/etherfi.jpeg?1710254562,0.615849,594352292,99,594352292,72697855.0,0.639674,0.580149,0.02648555,4.49392,25409979.0,4.46618,965350000.0,965350000.0,1000000000.0,8.53,-92.77927,2024-03-27 15:14:46+00:00,0.26653,131.06192,2026-06-05 19:19:15+00:00,2026-09-09 12:52:20+00:00,-1.5,4.49392,56.0,11.2,False,Small Cap,18.298479999999998,Medium,1.0,Gain
aerodrome-finance,aero,Aerodrome Finance,https://coin-images.coingecko.com/coins/images/31745/large/token.png?1696530564,0.595424,586918782,100,1174180465,67579970.0,0.643157,0.587161,-0.045945405712890186,-7.16364,-45875270.89307177,-7.24964,986554352.8582234,1973685089.485853,,2.32,-74.30124,2024-12-07 06:00:38+00:00,1.861e-05,3199389.9009,2023-10-16 17:23:50+00:00,2026-09-09 12:52:20+00:00,2.2,-7.16364,44.2,31.8,False,Small Cap,21.34091,High,0.49985398284344434,Strong Loss
