id,symbol,name,image,current_price,market_cap,market_cap_rank,fully_diluted_valuation,total_volume,high_24h,low_24h,price_change_24h,price_change_percentage_24h,market_cap_change_24h,market_cap_change_percentage_24h,circulating_supply,total_supply,max_supply,ath,ath_change_percentage,ath_date,atl,atl_change_percentage,atl_date,roi,last_updated,price_change_percentage_1h_in_currency,price_change_percentage_24h_in_currency,price_change_percentage_30d_in_currency,price_change_percentage_7d_in_currency
bitcoin,btc,Bitcoin,https://coin-images.coingecko.com/coins/images/1/large/bitcoin.png?1696501400,78391.0,1574385397411,1,1574390022918,33992311482.0,79701.0,78309.0,-118.8206079967058,-0.0949,-2209892311.7646484,-0.14017,20081850.0,20081909.0,21000000.0,126080.0,-37.82411,2025-10-06T10:57:42.000Z,67.81,115506.01993,2013-07-05T16:00:00.000Z,,2026-09-09T15:33:20.000Z,-0.4,-0.0949,22.4,2.4
ethereum,eth,Ethereum,https://coin-images.coingecko.com/coins/images/279/large/ethereum.png?1696501628,2482.01,302919831138,2,302919831138,12465877043.0,2521.51,2477.2,-4.0522898473582245,-0.09872,-454120175.8173218,-0.14969,122032627.13795824,122032627.1379582,,4946.05,-49.81821,2025-08-24T11:21:03.000Z,0.432979,573141.75861,2015-10-19T16:00:00.000Z,"{'times': 41.36277460778738, 'currency': 'btc', 'percentage': 4136.277460778738}",2026-09-09T15:33:20.000Z,-0.3,-0.09872,31.7,4.0
tether,usdt,Tether,https://coin-images.coingecko.com/coins/images/325/large/Tether.png?1696501661,0.999806,183424669434,3,188890556681,53007753740.0,0.999995,0.999657,0.00014321,0.01711,47867748.0,0.0261,183460193480.14197,188927139311.3062,,1.32,-24.43429,2018-07-23T16:00:00.000Z,0.572521,74.63227,2015-03-01T16:00:00.000Z,,2026-09-09T15:33:20.000Z,0.0,0.01711,0.1,0.0
binancecoin,bnb,BNB,https://coin-images.coingecko.com/coins/images/825/large/bnb-icon2_2x.png?1696501970,738.66,98367349609,4,98367337036,956896457.0,757.36,741.96,-11.886360947009393,-1.53587,-1576302611.458374,-1.57719,133161346.94,133161332.68,200000000.0,1369.99,-46.083,2025-10-13T00:41:24.000Z,0.0398177,1855000.67727,2017-10-18T16:00:00.000Z,,2026-09-09T15:33:20.000Z,-0.4,-1.53587,23.9,8.2
ripple,xrp,XRP,https://coin-images.coingecko.com/coins/images/44/large/xrp-symbol-white-128.png?1696501442,1.41,88679393682,5,141313806866,2700380098.0,1.45,1.41,-0.001900350417588736,-0.02158,-107458566.54832458,-0.12103,62744504852.0,99985627691.0,100000000000.0,3.65,-61.24501,2025-07-17T19:40:53.000Z,0.00268621,52507.77233,2014-05-21T16:00:00.000Z,,2026-09-09T15:33:20.000Z,-0.4,-0.02158,39.0,6.3
usd-coin,usdc,USDC,https://coin-images.coingecko.com/coins/images/6319/large/USDC.png?1769615602,0.99991,74281931268,6,74283651383,15226355236.0,1.0,0.999754,1.875e-05,0.00476,41516186.0,0.05592,74290225080.35724,74290642958.55984,,1.043,-4.17407,2018-11-14T16:00:00.000Z,0.877647,13.93079,2023-03-11T00:02:13.000Z,,2026-09-09T15:33:20.000Z,0.0,0.00476,0.0,0.0
solana,sol,Solana,https://coin-images.coingecko.com/coins/images/4128/large/solana.png?1718769756,102.79,60247957536,7,65128038725,3017972956.0,105.02,102.85,-0.7235264040929081,-0.59936,-425947527.9035187,-0.70203,586250398.5577509,633736653.4548732,,293.31,-64.9566,2025-01-19T03:15:27.000Z,0.500801,20424.40934,2020-05-11T11:35:23.000Z,,2026-09-09T15:33:20.000Z,-0.5,-0.59936,35.6,4.3
tron,trx,TRON,https://coin-images.coingecko.com/coins/images/1094/large/photo_2026-04-13_09-59-16.png?1776048311,0.338217,32108349342,8,32108349817,319271797.0,0.339744,0.337749,-0.000803860877243656,-0.25673,-78495906.1071434,-0.24388,94942002098.16199,94942003856.27118,,0.431288,-21.57994,2024-12-03T16:10:40.000Z,0.00180434,18644.59862,2017-11-11T16:00:00.000Z,"{'times': 176.9739607527607, 'currency': 'usd', 'percentage': 17697.39607527607}",2026-09-09T15:33:20.000Z,0.0,-0.25673,2.4,4.3
figure-heloc,figr_heloc,Figure Heloc,https://coin-images.coingecko.com/coins/images/68480/large/figure.png?1755863954,1.031,22974225210,9,23065354373,37591779.0,1.051,1.023,-0.007141363212435747,0.1986,-159185399.66796494,-0.68812,22290610113.348,22379027660.478,,1.061,-2.81636,2026-08-03T14:19:20.000Z,0.155357,563.421,2025-10-31T06:27:24.000Z,,2026-09-09T15:33:20.000Z,0.1,0.1986,3.4,0.8
zcash,zec,Zcash,https://coin-images.coingecko.com/coins/images/486/large/Brandmark-Yellow_%281%29.png?1785810558,1260.64,21340985131,10,21342642359,1329992895.0,1293.92,1144.42,84.59,7.24867,1442552016.0,7.24958,16921867.3530448,16923184.5405448,21000000.0,3191.93,-60.50548,2016-10-28T16:00:00.000Z,16.08,7739.71986,2024-07-04T20:22:29.000Z,,2026-09-09T15:33:20.000Z,0.1,7.24867,151.8,57.5
hyperliquid,hype,Hyperliquid,https://coin-images.coingecko.com/coins/images/50882/large/hyperliquid.jpg?1729431300,84.68,18837772937,11,80899998105,1063279217.0,86.98,83.59,1.01,1.20377,225351762.0,1.21076,222445714.07414138,955307079.4341414,1000000000.0,89.6,-5.48966,2026-09-06T12:28:40.000Z,3.81,2123.34196,2024-11-29T01:30:30.000Z,,2026-09-09T15:33:20.000Z,-0.5,1.20377,57.6,5.7
dogecoin,doge,Dogecoin,https://coin-images.coingecko.com/coins/images/5/large/dogecoin.png?1696501409,0.088604,13814340835,12,15207061614,835769608.0,0.091515,0.089338,-0.001507912838446215,-1.57733,-228067091.18188477,-1.62413,155845566383.7052,171557303126.5791,,0.731578,-87.88858,2021-05-07T21:08:23.000Z,8.69e-05,101857.02777,2015-05-05T16:00:00.000Z,,2026-09-09T15:33:20.000Z,-0.7,-1.57733,28.8,9.9
rain,rain,Rain,https://coin-images.coingecko.com/coins/images/69134/large/Rain_logo_1_.png?1762952191,0.01628519,11548677161,13,18602759333,35014187.0,0.01675249,0.01591912,-0.000373794332745855,-2.25564,-266039929.72315788,-2.25177,709212382355.7292,1142408526965.963,1150000000000.0,0.01946402,-16.33182,2026-08-25T19:53:00.000Z,0.00222126,633.15155,2025-09-14T00:56:57.000Z,,2026-09-09T15:33:20.000Z,0.3,-2.25564,30.6,-2.7
usds,usds,USDS,https://coin-images.coingecko.com/coins/images/39926/large/usds.webp?1726666683,0.999919,9847417485,14,9853410007,211439338.0,1.0,0.999719,-2.3625269251482e-05,0.00174,7392163.0,0.07512,9848129337.633001,9848129337.633001,,1.057,-5.42913,2024-10-28T21:40:51.000Z,0.948265,5.44717,2024-10-03T05:19:28.000Z,,2026-09-09T15:33:20.000Z,0.0,0.00174,0.0,0.0
whitebit,wbt,WhiteBIT Coin,https://coin-images.coingecko.com/coins/images/27045/large/wbt_token.png?1696526096,81.0,9554351251,15,23786222498,104627260.0,82.52,79.95,1.13,1.50303,132856307.0,1.41014,117919967.0,293569966.0,400000000.0,82.52,-1.83976,2026-09-09T00:48:20.000Z,3.06,2545.66323,2023-02-13T11:01:21.000Z,,2026-09-09T15:33:20.000Z,-0.4,1.50303,46.3,15.3
monero,xmr,Monero,https://coin-images.coingecko.com/coins/images/69/large/monero_logo.png?1696501460,502.0,9443845000,16,9443846507,123816981.0,518.34,491.57,3.68,1.08091,74426240.0,0.79435,18802424.73241457,18802446.93229765,,797.73,-37.07125,2026-01-14T11:34:07.000Z,0.216177,232119.5744,2015-01-13T16:00:00.000Z,,2026-09-09T15:33:20.000Z,2.8,1.08091,31.0,1.2
chainlink,link,Chainlink,https://coin-images.coingecko.com/coins/images/877/large/Chainlink_Logo_500.png?1760023405,11.94,8932368426,17,11940073224,6930094920.0,12.77,11.98,-0.6892244295903485,-5.40813,-515474050.5347824,-5.456,748099970.424884,1000000000.0,1000000000.0,52.7,-77.3421,2021-05-09T16:13:57.000Z,0.148183,7957.55383,2017-11-28T16:00:00.000Z,,2026-09-09T15:33:20.000Z,-0.7,-5.40813,45.8,8.2
leo-token,leo,LEO Token,https://coin-images.coingecko.com/coins/images/8418/large/leo-token.png?1696508607,9.18,8446724276,18,9047100505,167543.0,9.26,9.17,-0.03044905053785918,-0.32918,-28007930.57462883,-0.33049,919857851.9,985239504.0,,10.61,-13.47909,2026-05-04T09:35:00.000Z,0.799859,1048.03207,2019-12-24T07:14:35.000Z,,2026-09-09T15:33:20.000Z,0.0,-0.32918,-4.9,-0.7
cardano,ada,Cardano,https://coin-images.coingecko.com/coins/images/975/large/cardano.png?1696502090,0.215289,8078274835,19,9691220798,547195984.0,0.231823,0.216151,-0.012600548810608653,-5.35844,-469961902.4647589,-5.49776,37510482444.2993,45000000000.0,45000000000.0,3.09,-93.02576,2021-09-01T22:00:10.000Z,0.01925275,1018.22344,2020-03-12T18:22:55.000Z,,2026-09-09T15:33:20.000Z,-0.4,-5.35844,10.8,10.9
stellar,xlm,Stellar,https://coin-images.coingecko.com/coins/images/100/large/fmpFRHHQ_400x400.jpg?1735231350,0.184077,6407566382,20,9205673522,166541740.0,0.19354,0.186697,-0.006581319352404191,-3.34277,-227749168.80196476,-3.43238,34803511947.915535,50001786839.70248,,0.875563,-78.9761,2018-01-02T16:00:00.000Z,0.00047612,38561.71815,2015-03-04T16:00:00.000Z,,2026-09-09T15:33:20.000Z,-0.5,-3.34277,15.0,7.7
bitcoin-cash,bch,Bitcoin Cash,https://coin-images.coingecko.com/coins/images/780/large/bitcoin-cash-circle.png?1696501932,255.92,5142061483,21,5142063883,143403022.0,261.18,255.59,-0.8515094340661165,-0.20239,-15612221.693447113,-0.3027,20086793.64665078,20086809.27165078,21000000.0,3785.82,-93.23996,2017-12-19T16:00:00.000Z,76.93,232.64932,2018-12-15T16:00:00.000Z,,2026-09-09T15:33:20.000Z,-0.1,-0.20239,20.3,5.4
dai,dai,Dai,https://coin-images.coingecko.com/coins/images/9956/large/Badge_Dai.png?1696509996,0.999886,4600101507,22,4612231932,287810149.0,1.0,0.999719,-0.000129040929218394,0.01876,-959485.8370857239,-0.02085,4599714197.221369,4611843600.905758,,1.22,-17.97021,2020-03-12T19:02:50.000Z,0.88196,13.37093,2023-03-10T23:50:50.000Z,,2026-09-09T15:33:20.000Z,0.0,0.01876,0.0,0.0
ethena-usde,usde,Ethena USDe,https://coin-images.coingecko.com/coins/images/33613/large/usde.png?1733810059,0.999702,4455396104,23,4462719409,104525668.0,0.999948,0.999603,1.502e-05,0.00308,45132740.0,1.02336,4456717759.158266,4464043235.987166,,1.034,-3.31927,2025-12-09T09:10:12.000Z,0.929486,7.55426,2024-10-03T23:57:15.000Z,,2026-09-09T15:33:20.000Z,0.0,0.00308,0.0,0.0
usd1-wlfi,usd1,USD1,https://coin-images.coingecko.com/coins/images/54977/large/USD1_1000x1000_transparent.png?1749297002,0.999444,4277624850,24,4277624850,1032862920.0,0.999799,0.999325,-0.000141110332778194,-0.01223,19397012.0,0.45552,4280049884.324213,4280049884.324213,,1.048,-4.62705,2026-07-09T10:14:50.000Z,0.988762,1.08028,2026-07-09T09:13:20.000Z,,2026-09-09T15:33:20.000Z,0.0,-0.01223,0.0,0.0
litecoin,ltc,Litecoin,https://coin-images.coingecko.com/coins/images/2/large/litecoin.png?1696501400,53.87,4179971092,25,4180129009,276420907.0,54.97,53.64,-1.1445430549559532,-2.121,-88148449.26549053,-2.06528,77588666.83732398,77591573.09462874,84000000.0,410.26,-86.87003,2021-05-09T19:13:07.000Z,1.15,4588.80508,2015-01-13T16:00:00.000Z,,2026-09-09T15:33:20.000Z,0.1,-2.121,19.7,10.2
canton-network,cc,Canton,https://coin-images.coingecko.com/coins/images/70468/large/Canton-Ticker_%281%29.png?1762826299,0.103889,4111367116,26,4111367116,9709169.0,0.110029,0.104657,-0.001323648192386909,-1.23045,-49997782.02539301,-1.20148,39559086607.84083,39559086607.84083,,0.194152,-46.4908,2026-02-03T00:02:08.000Z,0.059024,76.01129,2025-12-06T02:32:09.000Z,,2026-09-09T15:33:20.000Z,-0.2,-1.23045,5.5,-5.1
uniswap,uni,Uniswap,https://coin-images.coingecko.com/coins/images/12504/large/uniswap-logo.png?1720676669,6.53,4070992714,27,5816729166,498625309.0,6.95,6.58,-0.3305990673707102,-4.9499,-203190588.7319727,-4.7539,623212423.7271129,890460420.0329479,1000000000.0,44.92,-85.46704,2021-05-02T21:25:04.000Z,1.03,533.67369,2020-09-16T17:20:38.000Z,,2026-09-09T15:33:20.000Z,-0.2,-4.9499,65.3,12.6
the-open-network,gram,Gram (prev. Toncoin),https://coin-images.coingecko.com/coins/images/17980/large/Gram_Circular_Badge.png?1781524778,1.38,3839999295,28,7232678101,34606597.0,1.41,1.38,-0.02155171496400876,-1.50028,-56773166.99340439,-1.45693,2785289536.9047055,5246117561.080011,,8.25,-83.30272,2024-06-14T16:36:51.000Z,0.519364,165.34926,2021-09-20T16:33:11.000Z,,2026-09-09T15:33:20.000Z,-0.4,-1.50028,4.0,4.6
avalanche-2,avax,Avalanche,https://coin-images.coingecko.com/coins/images/12559/large/Avalanche_Circle_RedWhite_Trans.png?1696512369,7.88,3403226377,29,3652842207,235644454.0,8.07,7.9,-0.17120850929229725,-2.10061,-74134635.08632898,-2.13192,431771961.1772119,463441061.1772119,720000000.0,144.96,-94.56243,2021-11-21T06:18:56.000Z,2.8,181.40634,2020-12-31T05:15:21.000Z,,2026-09-09T15:33:20.000Z,-0.1,-2.10061,21.7,10.9
hedera-hashgraph,hbar,Hedera,https://coin-images.coingecko.com/coins/images/3688/large/hbar.png?1696504364,0.077598,3402170319,30,3880959681,65828410.0,0.080845,0.078128,-0.002732963620687867,-3.31602,-118862494.10080194,-3.37578,43831559703.163185,50000000000.0,50000000000.0,0.569229,-86.36787,2021-09-15T02:40:28.000Z,0.00986111,686.90967,2020-01-02T09:30:24.000Z,,2026-09-09T15:33:20.000Z,-0.3,-3.31602,14.8,5.8
near,near,NEAR Protocol,https://coin-images.coingecko.com/coins/images/10365/large/near.jpg?1696510367,2.55,3334480064,31,3334480127,645751966.0,2.64,2.27,0.142639,6.01501,187943191.0,5.97302,1305860631.0,1305860657.0,,20.44,-87.51186,2022-01-16T14:09:45.000Z,0.526762,384.53353,2020-11-04T08:09:15.000Z,,2026-09-09T15:33:20.000Z,1.4,6.01501,58.0,40.4
global-dollar,usdg,Global Dollar,https://coin-images.coingecko.com/coins/images/51281/large/GDN_USDG_Token_200x200.png?1730484111,0.999843,3320377153,32,3320382651,1266648253.0,1.0,0.999798,-0.000211568256329842,-0.01893,22525174.0,0.68303,3320818062.701888,3320823580.23496,,1.65,-39.56884,2025-01-29T16:11:05.000Z,0.907561,10.16812,2024-11-11T15:55:50.000Z,,2026-09-09T15:33:20.000Z,0.0,-0.01893,0.0,0.0
sui,sui,Sui,https://coin-images.coingecko.com/coins/images/26375/large/sui-ocean-square.png?1727791290,0.791991,3247243497,33,7926801053,575462771.0,0.833475,0.802561,-0.030992929015992154,-3.70067,-124141551.7926364,-3.68221,4096537146.5409594,10000000000.0,10000000000.0,5.35,-85.18692,2025-01-04T14:56:18.000Z,0.364846,117.07529,2023-10-19T02:40:30.000Z,,2026-09-09T15:33:20.000Z,-0.4,-3.70067,16.5,12.3
shiba-inu,shib,Shiba Inu,https://coin-images.coingecko.com/coins/images/11939/large/shiba.png?1696511800,5.32e-06,3132059924,34,3133424958,72956452.0,5.51e-06,5.36e-06,-1.7405066138e-07,-3.05429,-102333061.25704956,-3.1639,589239301066730.6,589496238721205.9,,8.616e-05,-93.8311,2021-10-27T19:54:55.000Z,5.6366e-11,9429359.79466,2020-11-28T03:26:25.000Z,,2026-09-09T15:33:20.000Z,-0.2,-3.05429,16.0,4.8
crypto-com-chain,cro,Cronos,https://coin-images.coingecko.com/coins/images/7310/large/cro_token_logo.png?1696507599,0.058788,2853855818,35,5814855817,16859020.0,0.06401,0.058574,-0.001463495381955379,-2.46342,-70855233.7702403,-2.42264,48544104138.56748,98910795214.00742,100000000000.0,0.891544,-93.40609,2021-11-23T16:00:00.000Z,0.0121196,385.06236,2019-02-07T16:00:00.000Z,,2026-09-09T15:33:20.000Z,-0.2,-2.46342,26.0,9.2
paypal-usd,pyusd,PayPal USD,https://coin-images.coingecko.com/coins/images/31212/large/PYUSD_Token_Logo_2x.png?1765987788,0.999931,2823890562,36,2823890562,55152214.0,1.0,0.999827,1.378e-05,0.00682,-65283965.8045764,-2.25961,2824062986.6902285,2824062986.690228,,1.021,-2.03839,2023-10-23T14:44:57.000Z,0.959426,4.22176,2024-12-05T14:31:13.000Z,,2026-09-09T15:33:20.000Z,0.0,0.00682,0.0,0.0
blackrock-usd-institutional-digital-liquidity-fund,buidl,BlackRock USD Institutional Digital Liquidity Fund,https://coin-images.coingecko.com/coins/images/36291/large/blackrock.png?1711013223,1.0,2817664206,37,2817664206,0.0,1.0,1.0,0.0,0.0,-14618660.130000114,-0.51614,2817664205.670449,2817664205.670449,,1.0,0.0,2025-02-11T21:00:10.000Z,1.0,0.0,2026-07-23T07:25:00.000Z,,2026-09-09T15:33:20.000Z,0.0,0.0,0.0,0.0
tether-gold,xaut,Tether Gold,https://coin-images.coingecko.com/coins/images/10481/large/logo.png?1774627372,4394.3,2692693933,38,3109779237,192115052.0,4427.91,4343.14,-5.719243534562338,-0.09928,-3739513.959449768,-0.13868,612823.6595320001,707747.089,,5504.62,-20.1707,2026-01-28T16:00:00.000Z,1447.84,203.50678,2020-03-19T05:45:41.000Z,,2026-09-09T15:33:20.000Z,0.1,-0.09928,2.7,0.8
memecore,m,MemeCore,https://coin-images.coingecko.com/coins/images/53247/large/square-bg-transparent.png?1752637478,1.17,2652888190,39,6322677333,1449944.0,1.25,1.18,-0.012519180241469918,-1.04812,-27947742.260566235,-1.0425,2270886365.813812,5412245342.689539,10000000000.0,5.64,-79.2996,2026-07-02T04:14:00.000Z,0.04746135,2361.38278,2025-07-03T19:56:17.000Z,,2026-09-09T15:33:20.000Z,-0.4,-1.04812,7.3,12.2
hashnote-usyc,usyc,Circle USYC,https://coin-images.coingecko.com/coins/images/51054/large/Hashnote_SDYC_200x200.png?1730370965,1.14,2624847293,40,2624847293,0.0,1.14,1.14,9.846e-05,0.00866,328905.0,0.01253,2309100302.298091,2309100302.298091,,1.14,0.0,2026-09-09T12:55:00.000Z,1.026,10.7823,2024-12-05T14:31:20.000Z,,2026-09-09T15:33:20.000Z,0.0,0.00866,0.3,0.1
bittensor,tao,Bittensor,https://coin-images.coingecko.com/coins/images/28452/large/ARUsPeNQ_400x400.jpeg?1696527447,259.39,2489113498,41,5446359205,258870317.0,269.72,254.67,0.581884,0.3366,5248110.0,0.21129,9597491.0,21000000.0,21000000.0,757.6,-65.76243,2024-03-07T10:45:36.000Z,30.83,741.34206,2023-05-14T00:57:53.000Z,,2026-09-09T15:33:20.000Z,0.0,0.3366,28.9,20.2
ripple-usd,rlusd,Ripple USD,https://coin-images.coingecko.com/coins/images/39651/large/RLUSD_200x200_%281%29.png?1727376633,1.0,2434655350,42,2434655350,201740940.0,1.0,0.999877,1.287e-05,0.00298,7596885.0,0.31301,2434600130.107188,2434600130.107188,,1.073,-6.78607,2024-12-26T02:45:52.000Z,0.962292,3.92022,2024-12-17T20:40:40.000Z,,2026-09-09T15:33:20.000Z,0.0,0.00298,0.0,0.0
okb,okb,OKB,https://coin-images.coingecko.com/coins/images/4463/large/WeChat_Image_20220118095654.png?1696505053,112.9,2371417894,43,2371417894,18734130.0,114.99,113.34,-1.2179458349838939,-1.13044,-25139451.781807423,-1.04898,21000000.0,21000000.0,21000000.0,228.74,-50.64085,2025-10-04T16:00:00.000Z,0.580608,19345.79358,2019-01-13T16:00:00.000Z,,2026-09-09T15:33:20.000Z,-0.3,-1.13044,20.8,6.6
ondo-us-dollar-yield,usdy,Ondo US Dollar Yield,https://coin-images.coingecko.com/coins/images/31700/large/usdy_%281%29.png?1696530524,1.14,2206104170,44,2206104170,5201071.0,1.15,1.14,0.00043043,-0.12855,4538890.0,0.20617,1926214461.922417,1926214461.922417,,1.26,-9.46967,2024-03-26T21:24:08.000Z,0.934184,22.39987,2024-01-14T03:40:50.000Z,,2026-09-09T15:33:20.000Z,0.1,-0.12855,0.5,0.4
mantle,mnt,Mantle,https://coin-images.coingecko.com/coins/images/30980/large/MNT_Token_Logo.png?1765516974,0.62519,2065037614,45,3889151489,29279694.0,0.652427,0.628221,0.00238931,0.41432,8367504.0,0.40685,3302294382.53684,6219316794.889999,6219316794.89,2.86,-78.10237,2025-10-08T17:04:46.000Z,0.307978,102.99849,2023-10-17T18:50:46.000Z,,2026-09-09T15:33:20.000Z,-1.0,0.41432,47.3,15.6
aster-2,aster,Aster,https://coin-images.coingecko.com/coins/images/69040/large/_ASTER.png?1757326782,0.740948,2004129031,46,5783930481,125440672.0,0.765651,0.7433,-0.018250115770821362,-2.58725,-48796180.979393005,-2.37691,2704071066.7997313,7803968119.651995,8000000000.0,2.41,-69.23914,2025-09-24T03:18:14.000Z,0.099713,643.07694,2025-09-17T04:05:36.000Z,,2026-09-09T15:33:20.000Z,-0.4,-2.58725,23.5,4.6
aave,aave,Aave,https://coin-images.coingecko.com/coins/images/12645/large/aave-token-round.png?1720472354,128.56,1983867232,47,2057483979,184346986.0,131.05,127.99,-1.2363659296748608,-0.84176,-18503475.374251366,-0.92408,15427520.23413867,16000000.0,16000000.0,661.69,-80.57147,2021-05-18T13:19:59.000Z,26.02,394.00874,2020-11-05T01:20:11.000Z,,2026-09-09T15:33:20.000Z,0.1,-0.84176,42.4,2.0
polkadot,dot,Polkadot,https://coin-images.coingecko.com/coins/images/12171/large/polkadot.jpg?1766533446,1.12,1905835988,48,1905837036,387131677.0,1.28,1.13,-0.05593712445849164,-4.71807,-94382690.49739003,-4.71862,1701975482.364777,1701975482.364777,2100000000.0,54.98,-97.96394,2021-11-04T06:10:09.000Z,0.727004,53.97534,2026-08-18T02:57:10.000Z,,2026-09-09T15:33:20.000Z,-2.4,-4.71807,38.4,33.1
pump-fun,pump,Pump.fun,https://coin-images.coingecko.com/coins/images/67164/large/pump.jpg?1751949376,0.00458805,1905065108,49,3834494685,245041707.0,0.00473928,0.00425383,0.00022654,5.22702,182315232.0,10.5828,414831411354.88763,834968230494.0754,1000000000000.0,0.00881908,-47.97591,2025-09-14T08:42:40.000Z,0.00115473,297.32778,2026-06-25T17:04:20.000Z,,2026-09-09T15:33:20.000Z,-0.3,5.22702,70.6,10.2
pax-gold,paxg,PAX Gold,https://coin-images.coingecko.com/coins/images/9519/large/asset-paxg.png?1785284785,4397.19,1901666157,50,1901666157,141548730.0,4430.82,4348.7,-5.133209613278268,-0.08535,-2353676.305036545,-0.12362,432503.312051,432503.312051,,5619.09,-21.74551,2026-01-28T22:30:56.000Z,1399.64,214.16549,2019-11-17T19:09:35.000Z,,2026-09-09T15:33:20.000Z,0.1,-0.08535,2.5,0.6
ondo-finance,ondo,Ondo,https://coin-images.coingecko.com/coins/images/26580/large/ONDO.png?1696525656,0.367444,1790558205,51,3677216305,103221318.0,0.385685,0.369949,-0.013794320561572981,-3.55619,-65815977.96917319,-3.5454,4869330647.0,10000000000.0,10000000000.0,2.14,-82.83099,2024-12-15T16:36:00.000Z,0.082171,347.16966,2024-01-18T04:14:30.000Z,,2026-09-09T15:33:20.000Z,-0.6,-3.55619,7.0,9.1
world-liberty-financial,wlfi,World Liberty Financial,https://coin-images.coingecko.com/coins/images/50767/large/wlfi.png?1756438915,0.055204,1754668929,52,5521799915,23885564.0,0.056455,0.055405,-0.000897686977633996,-1.57089,-28080354.66348338,-1.57512,31777118978.0,100000000000.0,100000000000.0,0.331336,-83.33896,2025-09-01T04:20:09.000Z,0.050799,8.67188,2026-08-09T02:00:00.000Z,,2026-09-09T15:33:20.000Z,-0.5,-1.57089,4.6,-2.4
worldcoin-wld,wld,Worldcoin,https://coin-images.coingecko.com/coins/images/31069/large/worldcoin.jpeg?1696529903,0.437794,1611116067,53,4379451723,229545310.0,0.487747,0.44254,-0.052130209005636086,-10.47778,-190516728.03276014,-10.57467,3678807688.8632197,10000000000.0,10000000000.0,11.74,-96.27111,2024-03-09T16:10:42.000Z,0.229961,90.37731,2026-05-18T15:06:00.000Z,,2026-09-09T15:33:20.000Z,-0.6,-10.47778,30.0,23.7
morpho,morpho,Morpho,https://coin-images.coingecko.com/coins/images/29837/large/Morpho-token-icon.png?1726771230,2.33,1608479379,54,2335047443,31604240.0,2.44,2.31,-0.0973608723188768,-3.94983,-66693738.351855755,-3.9813,688842268.788925,1000000000.0,1000000000.0,4.17,-44.02048,2025-01-17T04:46:19.000Z,0.713151,227.37593,2024-11-24T17:55:43.000Z,,2026-09-09T15:33:20.000Z,0.9,-3.94983,21.3,-6.2
internet-computer,icp,Internet Computer,https://coin-images.coingecko.com/coins/images/14495/large/Internet_Computer_logo.png?1696514180,2.86,1591370859,55,1591373595,59414620.0,3.02,2.83,-0.16732544095718316,-5.52427,-92554223.12664342,-5.49634,556267109.9244292,556268066.2313827,,700.65,-99.59182,2021-05-10T08:05:53.000Z,2.0,42.80341,2026-08-01T20:31:10.000Z,,2026-09-09T15:33:20.000Z,0.2,-5.52427,29.6,13.4
ethena,ena,Ethena,https://coin-images.coingecko.com/coins/images/36530/large/ethena.png?1711701436,0.156312,1579134043,56,2346337535,483643042.0,0.168753,0.15868,-0.005371435252280399,-3.18804,-53106055.41251588,-3.25357,10095312500.0,15000000000.0,15000000000.0,1.52,-89.70078,2024-04-11T05:15:15.000Z,0.070228,122.5757,2026-06-30T15:44:00.000Z,,2026-09-09T15:33:20.000Z,-1.0,-3.18804,79.8,6.2
htx-dao,htx,HTX DAO,https://coin-images.coingecko.com/coins/images/35491/large/Frame_1321318576.png?1708908626,1.68e-06,1510435802,57,1510435802,23307821.0,1.7e-06,1.68e-06,-1.5750726325e-08,-0.96025,-14313780.645957947,-0.93876,898232728634017.2,898232728634017.2,999990000000000.0,3.75e-06,-55.17126,2024-12-03T16:16:20.000Z,8.00816e-07,110.00437,2024-08-05T05:31:33.000Z,,2026-09-09T15:33:20.000Z,0.1,-0.96025,-7.1,5.1
pepe,pepe,Pepe,https://coin-images.coingecko.com/coins/images/29850/large/pepe-token.jpeg?1696528776,3.58e-06,1508268493,58,1508268493,237216048.0,3.76e-06,3.61e-06,-7.0764283334e-08,-1.83708,-28406287.985329628,-1.84856,420690000000000.0,420690000000000.0,420690000000000.0,2.803e-05,-87.22006,2024-12-09T08:30:35.000Z,5.5142e-08,6395.88196,2023-04-17T18:14:41.000Z,,2026-09-09T15:33:20.000Z,-0.6,-1.83708,27.0,7.0
usdd,usdd,USDD,https://coin-images.coingecko.com/coins/images/25380/large/UUSD.jpg?1696524513,0.999048,1507635970,59,1507944443,5490952.0,0.999947,0.998458,-0.000255961640887814,-0.04487,46727583.0,3.19853,1509067413.0,1508816191.0,,1.24,-19.57484,2026-07-09T09:35:10.000Z,0.928067,7.64824,2022-06-19T08:15:11.000Z,,2026-09-09T15:33:20.000Z,-0.1,-0.04487,0.0,0.0
sky,sky,Sky,https://coin-images.coingecko.com/coins/images/39925/large/sky.jpg?1724827980,0.06427,1505514713,60,1507770967,9291347.0,0.068149,0.064113,-0.003256445426862237,-4.74996,-76524659.58053994,-4.83709,23427555209.549458,23462665147.36596,23462665147.3,0.100535,-36.07258,2024-12-04T02:13:57.000Z,0.03582727,79.3873,2025-02-02T21:01:48.000Z,,2026-09-09T15:33:20.000Z,0.0,-4.74996,20.7,-8.5
bitget-token,bgb,Bitget Token,https://coin-images.coingecko.com/coins/images/11610/large/Bitget_logo.png?1736925727,1.98,1384051325,61,1801107999,11672138.0,2.02,1.97,-0.001113327296594413,-0.0784,-673219.2361998558,-0.04862,699992029.6481038,910920874.6481038,2000000000.0,8.45,-76.60342,2024-12-27T03:41:24.000Z,0.0142795,13745.62905,2020-06-24T20:17:05.000Z,,2026-09-09T15:33:20.000Z,0.2,-0.0784,22.6,4.3
usdgo,usdgo,USDGO,https://coin-images.coingecko.com/coins/images/102172077/large/USDGO_%287%29.png?1771437018,1.0,1373662505,62,1373662505,57449679.0,1.0,0.99995,-1.6879607510623e-05,-0.00512,7969633.0,0.58356,1373442039.16,1373442039.16,,1.002,-0.22461,2026-03-11T00:04:22.000Z,0.999259,0.08996,2026-05-13T20:34:00.000Z,,2026-09-09T15:33:20.000Z,0.0,-0.00512,0.0,0.0
falcon-finance,usdf,Falcon USD,https://coin-images.coingecko.com/coins/images/54558/large/ff_200_X_200.png?1740741076,0.996674,1340002980,63,1340002980,359528.0,1.001,0.991216,-3.0080152938261e-05,0.00615,335902.0,0.02507,1344475004.618144,1344475004.618144,,1.075,-7.25012,2025-05-08T13:25:42.000Z,0.943422,5.6445,2025-07-08T02:16:34.000Z,,2026-09-09T15:33:20.000Z,0.0,0.00615,0.1,0.0
bfusd,bfusd,BFUSD,https://coin-images.coingecko.com/coins/images/68227/large/bfusd.png?1755132827,0.99966,1319551465,64,1319551465,2169896.0,0.99995,0.999604,2.625e-05,0.00562,34660.0,0.00263,1320000000.0,1320000000.0,,1.007,-0.72143,2025-10-10T13:40:40.000Z,0.996931,0.27378,2026-07-29T19:14:40.000Z,,2026-09-09T15:33:20.000Z,0.0,0.00562,0.1,0.0
ethereum-classic,etc,Ethereum Classic,https://coin-images.coingecko.com/coins/images/453/large/ethereum-classic-logo.png?1696501717,8.17,1293715013,65,1293715013,116001878.0,9.02,8.25,-0.545397261443906,-6.34666,-84916398.61809921,-6.15947,158120724.0155918,158120724.0155918,210700000.0,167.09,-95.10762,2021-05-06T10:34:22.000Z,0.615038,1229.09595,2016-07-24T16:00:00.000Z,"{'times': 17.157746407306696, 'currency': 'usd', 'percentage': 1715.7746407306695}",2026-09-09T15:33:20.000Z,-0.5,-6.34666,27.3,14.4
united-stables,u,United Stables,https://coin-images.coingecko.com/coins/images/71157/large/united-stables-logo.jpg?1766061640,0.999133,1287384176,66,1287384176,169419285.0,0.999421,0.998873,-7.596754135808e-05,-0.01397,-4592128.25361824,-0.35543,1288500007.8,1288500007.8,,1.008,-0.85794,2026-02-05T13:06:07.000Z,0.968158,3.19934,2025-12-20T16:47:20.000Z,,2026-09-09T15:33:20.000Z,0.0,-0.01397,0.0,0.0
spiko-amundi-overnight-swap-fund-eur,eursafo,Spiko Amundi Overnight Swap Fund (EUR),https://coin-images.coingecko.com/coins/images/102172591/large/Fund_eurSAF0.png?1774104814,1.18,1267354431,67,1267354431,0.0,1.18,1.18,-0.00094120049705082,-0.06973,21082390.0,1.69164,1077468076.07545,1077468076.07545,,1.18,-0.636,2026-08-21T11:35:00.000Z,1.15,1.91766,2026-07-30T07:40:10.000Z,,2026-09-09T15:33:20.000Z,0.0,-0.06973,1.1,0.5
lighter,lit,Lighter,https://coin-images.coingecko.com/coins/images/71121/large/lighter.png?1765888098,4.93,1231928798,68,4927715193,121950526.0,5.31,4.72,0.256762,5.18008,64445036.0,5.51999,250000000.0,1000000000.0,1000000000.0,7.86,-37.31779,2025-12-30T01:05:21.000Z,0.779399,532.11508,2026-03-31T09:55:00.000Z,,2026-09-09T15:33:20.000Z,-0.7,5.18008,120.8,37.8
bitway,btw,Bitway,https://coin-images.coingecko.com/coins/images/71205/large/BTW_Token_200x200.png?1786291907,0.449038,1216510096,69,4492046466,7648721.0,0.46133,0.429682,-0.004436810720576723,-0.78504,-11565044.170861244,-0.94172,2708142280.000001,10000000000.0,10000000000.0,0.745279,-39.74896,2026-08-19T09:36:00.000Z,0.00911805,4824.71901,2026-03-03T06:55:24.000Z,,2026-09-09T15:33:20.000Z,0.1,-0.78504,148.5,1.7
venice-token,vvv,Venice Token,https://coin-images.coingecko.com/coins/images/54023/large/VVV_Token_Transparent.png?1741856877,25.22,1204189399,70,2034781030,289833713.0,29.19,21.96,1.44,5.14187,67140698.0,5.90482,47903552.88314994,80973173.92464472,,29.19,-13.58512,2026-09-09T07:42:00.000Z,0.91975,2642.19109,2025-12-01T10:55:48.000Z,,2026-09-09T15:33:20.000Z,2.1,5.14187,115.1,62.1
pi-network,pi,Pi Network,https://coin-images.coingecko.com/coins/images/54342/large/pi_network.jpg?1739347576,0.096043,1070271966,71,1646572255,7040843.0,0.099584,0.095987,-0.000421174942230748,-0.48988,-4501019.005796909,-0.41879,11141680597.248924,17141047072.69065,100000000000.0,2.99,-96.78529,2025-02-26T08:41:03.000Z,0.070586,36.06508,2026-07-14T02:37:30.000Z,,2026-09-09T15:33:20.000Z,-0.3,-0.48988,10.3,4.0
arbitrum,arb,Arbitrum,https://coin-images.coingecko.com/coins/images/16547/large/arb.jpg?1721358242,0.15659,1046321126,72,1566800283,261387851.0,0.174571,0.162233,-0.010957522507061668,-6.57236,-72574342.65191293,-6.48625,6678075931.0,10000000000.0,10000000000.0,2.39,-93.44889,2024-01-12T04:29:59.000Z,0.07048,122.17687,2026-06-26T13:20:40.000Z,,2026-09-09T15:33:20.000Z,-1.1,-6.57236,102.7,47.1
polygon-ecosystem-token,pol,POL (ex-MATIC),https://coin-images.coingecko.com/coins/images/32440/large/pol.png?1759114181,0.095676,1024815015,73,1024815015,94805366.0,0.099879,0.094888,-0.001258261539126532,-1.25737,-13409933.571549654,-1.29162,10711198045.42806,10711198045.42806,,1.29,-92.56921,2024-03-13T10:55:06.000Z,0.067711,41.30033,2026-07-01T01:13:30.000Z,,2026-09-09T15:33:20.000Z,-0.8,-1.25737,24.1,5.3
cosmos,atom,Cosmos Hub,https://coin-images.coingecko.com/coins/images/1481/large/cosmos_hub.png?1696502525,1.87,989089279,74,989092909,116996946.0,2.03,1.78,0.069143,3.6362,37733535.0,3.96629,529753314.362235,529753314.362235,,43.84,-95.74502,2021-09-19T16:00:00.000Z,1.16,60.81999,2020-03-12T18:27:44.000Z,"{'times': 17.61559234072403, 'currency': 'usd', 'percentage': 1761.559234072403}",2026-09-09T15:33:20.000Z,-2.7,3.6362,37.4,29.7
gatechain-token,gt,Gate,https://coin-images.coingecko.com/coins/images/8183/large/200X200.png?1735246724,9.19,980314316,75,1092955717,2002302.0,9.39,9.11,0.04812107,0.54709,5090794.0,0.52201,106622154.65092821,118873386.75797342,142622844.0,25.38,-63.77408,2025-01-25T16:00:00.000Z,0.25754,3470.21986,2020-03-12T18:18:02.000Z,,2026-09-09T15:33:20.000Z,-0.9,0.54709,39.0,16.5
kaspa,kas,Kaspa,https://coin-images.coingecko.com/coins/images/25751/large/kaspa-icon-exchanges.png?1696524837,0.03512868,972465751,76,972592220,15518558.0,0.03656141,0.03506837,-0.00071867334707551,-2.66364,-20039716.531514168,-2.0191,27686994077.202873,27690580332.47475,28704026601.0,0.207411,-83.06326,2024-07-31T16:40:47.000Z,0.00017105,20437.1291,2022-05-26T06:42:59.000Z,,2026-09-09T15:33:20.000Z,-0.3,-2.66364,36.0,29.9
quant-network,qnt,Quant,https://coin-images.coingecko.com/coins/images/3370/large/5ZOu7brX_400x400.jpg?1696504070,66.76,970652764,77,975212109,16113756.0,69.83,66.81,-0.897079068252495,-1.34984,-13319857.1644454,-1.35368,14544176.164081175,14612493.0,14612493.0,427.42,-84.3815,2021-09-11T01:15:00.000Z,0.215773,30838.47736,2018-08-22T16:00:00.000Z,"{'times': 10.552671417607389, 'currency': 'eth', 'percentage': 1055.267141760739}",2026-09-09T15:33:20.000Z,-0.3,-1.34984,15.1,4.2
blockchain-capital,bcap,Blockchain Capital,https://coin-images.coingecko.com/coins/images/56040/large/bcap_logo_200.png?1748088291,106.49,970348700,78,970348700,0.0,106.49,106.22,0.27,0.25419,2460270.0,0.25419,9112111.0,9112111.0,,106.49,0.0,2026-09-08T22:20:10.000Z,17.76,499.60586,2025-06-02T12:50:02.000Z,,2026-09-09T15:33:20.000Z,0.0,0.25419,0.3,0.3
kucoin-shares,kcs,KuCoin,https://coin-images.coingecko.com/coins/images/1047/large/sa9z79.png?1696502152,7.04,965479425,79,1000676074,2772690.0,7.05,6.95,0.02034384,0.29925,2885255.0,0.29974,137155021.2773955,142155021.2773955,,28.83,-75.58563,2021-12-01T07:09:35.000Z,0.342863,1952.90029,2019-02-06T16:00:00.000Z,,2026-09-09T15:33:20.000Z,0.7,0.29925,5.5,0.7
algorand,algo,Algorand,https://coin-images.coingecko.com/coins/images/4380/large/download.png?1696504978,0.097966,885786312,80,885791507,38344780.0,0.103137,0.097334,-0.003127539270605287,-3.08374,-28036632.68884206,-3.06806,9039728572.301533,9039781590.355097,10000000000.0,3.56,-97.24904,2019-06-20T06:51:19.000Z,0.075732,29.3588,2026-07-29T20:10:10.000Z,"{'times': -0.9591281260999707, 'currency': 'usd', 'percentage': -95.91281260999706}",2026-09-09T15:33:20.000Z,-0.3,-3.08374,19.0,10.8
eutbl,eutbl,Spiko EU T-Bills Money Market Fund,https://coin-images.coingecko.com/coins/images/39657/large/EUTBL.png?1723517425,1.23,879902139,81,879902139,0.0,1.23,1.23,-0.000915691865222668,-0.06416,-38946268.85662413,-4.2386,715302976.77384,715302976.77384,,1.26,-2.4509,2026-01-27T13:00:08.000Z,1.011,21.68029,2024-08-15T01:45:23.000Z,,2026-09-09T15:33:20.000Z,0.0,-0.06416,1.0,0.5
nexo,nexo,NEXO,https://coin-images.coingecko.com/coins/images/3695/large/CG-nexo-token-200x200_2x.png?1730414360,0.838241,840515662,83,840515662,3595846.0,0.852555,0.830605,-0.000603748224557554,-0.19005,1670676.0,0.19916,1000000000.0,1000000000.0,1000000000.0,4.07,-79.39412,2021-05-12T06:37:47.000Z,0.04515276,1756.45619,2018-09-12T16:00:00.000Z,"{'times': 7.370891799459014, 'currency': 'usd', 'percentage': 737.0891799459014}",2026-09-09T15:33:20.000Z,-0.7,-0.19005,16.8,0.8
just,jst,JUST,https://coin-images.coingecko.com/coins/images/11095/large/JUST.jpg?1696511035,0.102353,838149181,82,838149181,23998280.0,0.108477,0.102181,-0.005966630026402964,-5.50932,-48855959.54041803,-5.50797,8188743036.341737,8188743036.341737,9900000000.0,0.193254,-47.03688,2021-04-04T20:34:23.000Z,0.00476275,2049.0418,2020-05-08T22:08:54.000Z,,2026-09-09T15:33:20.000Z,0.3,-5.50932,1.8,-4.0
jupiter-exchange-solana,jup,Jupiter,https://coin-images.coingecko.com/coins/images/34188/large/jup.png?1704266489,0.246913,819808555,84,1694382361,87222852.0,0.253844,0.23743,0.00553675,2.25799,18363438.0,2.29129,3320312968.08,6862431106.912057,10000000000.0,2.0,-87.65442,2024-01-31T07:02:47.000Z,0.135801,81.81993,2026-02-12T10:35:44.000Z,,2026-09-09T15:33:20.000Z,1.1,2.25799,36.4,17.9
superstate-short-duration-us-government-securities-fund-ustb,ustb,Invesco Short Duration US Government Securities Fund,https://coin-images.coingecko.com/coins/images/35012/large/Invesco_icon_lg.png?1780816895,11.21,819745764,85,819745764,0.0,11.21,11.2,0.004404,0.03932,48848651.0,6.3366,73152645.334649,73152645.334649,,11.21,0.0,2026-09-09T13:50:10.000Z,10.29,8.89349,2025-02-26T01:55:09.000Z,,2026-09-09T15:33:20.000Z,0.0,0.03932,0.3,0.1
dash,dash,Dash,https://coin-images.coingecko.com/coins/images/19/large/dash-logo.png?1696501423,62.6,803498012,86,803499355,180997784.0,66.34,61.47,-0.3790853179422342,-0.4166,-4443164.474988699,-0.54994,12828204.86895547,12828226.31683188,18920000.0,1493.59,-95.80892,2017-12-19T16:00:00.000Z,0.213899,29165.01443,2014-02-13T16:00:00.000Z,,2026-09-09T15:33:20.000Z,0.4,-0.4166,106.0,51.0
render-token,render,Render,https://coin-images.coingecko.com/coins/images/11636/large/rndr.png?1696511529,1.5,776698165,87,798796886,43163303.0,1.54,1.48,-0.02034853152728089,-1.32124,-10361585.548996806,-1.31649,518772101.28269154,533532274.5626915,644245094.0,13.53,-88.94094,2024-03-17T08:30:24.000Z,0.03665669,3983.32136,2020-06-16T05:22:25.000Z,,2026-09-09T15:33:20.000Z,-0.6,-1.32124,16.7,7.1
janus-henderson-anemoy-treasury-fund,jtrsy,Janus Henderson Anemoy Treasury Fund,https://coin-images.coingecko.com/coins/images/70445/large/JTRSY.png?1762078582,1.12,774942361,88,774942361,0.0,1.12,1.12,0.0,0.0,-25009237.16280973,-3.12634,694720859.594534,694720859.594534,,1.12,0.0,2026-09-08T13:50:10.000Z,1.085,2.83027,2025-11-12T20:05:05.000Z,,2026-09-09T15:33:20.000Z,0.0,0.0,0.3,0.1
stable-2,stable,​​Stable,https://coin-images.coingecko.com/coins/images/69242/large/stable-logotype-framed-square-light.png?1762753913,0.02815472,736289420,89,2813778651,7786004.0,0.02893439,0.02823008,-0.000743718548678614,-2.50375,-19034315.062963128,-2.52002,26167282921.0,100000000000.0,100000000000.0,0.04323745,-34.88348,2026-05-14T23:31:00.000Z,0.0092214,205.31948,2025-12-23T21:49:32.000Z,,2026-09-09T15:33:20.000Z,-0.2,-2.50375,-12.0,2.0
pancakeswap-token,cake,PancakeSwap,https://coin-images.coingecko.com/coins/images/12632/large/pancakeswap-cake-logo_%281%29.png?1696512440,2.24,716371188,90,742488318,68436666.0,2.32,2.26,-0.044302577581149194,-1.88236,-13997948.281818748,-1.91656,320184235.914524,331857365.1830818,400000000.0,43.96,-94.91225,2021-04-30T02:08:22.000Z,0.194441,1050.38114,2020-11-03T06:29:34.000Z,,2026-09-09T15:33:20.000Z,-0.2,-1.88236,58.5,26.7
janus-henderson-anemoy-aaa-clo-fund,jaaa,Janus Henderson Anemoy AAA CLO Fund,https://coin-images.coingecko.com/coins/images/70446/large/jaaa.png?1762078666,1.049,713208264,91,713208265,0.0,1.049,1.049,0.00015,0.0143,1875255.0,0.26363,679991365.72342,679991366.72342,,1.049,0.0,2026-09-09T11:20:00.000Z,1.009,3.89921,2025-12-06T06:10:05.000Z,,2026-09-09T15:33:20.000Z,0.0,0.0143,0.4,0.1
gho,gho,GHO,https://coin-images.coingecko.com/coins/images/30663/large/gho-token-logo.png?1720517092,0.99823,697762968,92,697762968,7764365.0,0.999002,0.998285,-0.000282060682637031,-0.02619,-197158.06049501896,-0.02825,699000000.0,699000000.0,,1.03,-3.06961,2024-02-28T09:15:58.000Z,0.917065,8.85049,2023-10-23T20:41:04.000Z,,2026-09-09T15:33:20.000Z,0.0,-0.02619,0.0,0.0
filecoin,fil,Filecoin,https://coin-images.coingecko.com/coins/images/12817/large/filecoin.png?1696512609,0.837998,693705966,93,1641132895,79230515.0,0.865769,0.825248,-0.036178338688971357,-4.20904,-29305696.886353612,-4.05328,827254257.0,1957074371.0,,236.84,-99.64617,2021-04-01T05:29:41.000Z,0.612413,36.83537,2026-08-18T03:52:30.000Z,,2026-09-09T15:33:20.000Z,0.5,-4.20904,20.9,9.6
vechain,vet,VeChain,https://coin-images.coingecko.com/coins/images/1167/large/VET.png?1742383283,0.00753582,648181645,94,648181645,20351232.0,0.00815912,0.00758719,-0.000305416662050981,-3.74169,-26047165.029402494,-3.86325,85985041177.0,85985041177.0,86712634466.0,0.280991,-97.31813,2021-04-18T17:08:21.000Z,0.00191713,293.07736,2020-03-12T18:29:59.000Z,"{'times': 0.0626724437011501, 'currency': 'eth', 'percentage': 6.26724437011501}",2026-09-09T15:33:20.000Z,-1.5,-3.74169,61.8,14.8
hunter-biden-s-laptop-3,laptop,Hunter Biden's Laptop,https://coin-images.coingecko.com/coins/images/102176837/large/Laptop_Logo.png?1788875459,1.83,641843703,95,1833839150,14735572.0,199.51,1.36,,,,,350000000.0,1000000000.0,1000000000.0,199.51,-99.08106,2026-09-09T12:09:10.000Z,1.36,34.61276,2026-09-09T13:58:40.000Z,,2026-09-09T15:33:20.000Z,79.4,,,
injective-protocol,inj,Injective,https://coin-images.coingecko.com/coins/images/12882/large/Other_200x200.png?1738782212,6.05,605145080,96,605145080,111456054.0,6.54,6.1,-0.30155998432942344,-4.75571,-29590051.22483468,-4.6618,100000000.0,100000000.0,,52.62,-88.51062,2024-03-14T07:06:22.000Z,0.657401,819.65069,2020-11-03T08:19:30.000Z,,2026-09-09T15:33:20.000Z,-1.6,-4.75571,37.5,27.5
beldex,bdx,Beldex,https://coin-images.coingecko.com/coins/images/5111/large/Beldex.png?1696505631,0.076698,603590280,97,762256086,11327823.0,0.077572,0.075156,-0.000727943153297522,-0.80939,-5796643.103920341,-0.95123,7870587129.419088,9939527315.65821,,0.450785,-82.98567,2018-12-16T16:00:00.000Z,0.00027519,27771.38471,2019-11-01T03:05:12.000Z,"{'times': -0.6932955299340245, 'currency': 'usd', 'percentage': -69.32955299340246}",2026-09-09T15:33:20.000Z,-0.2,-0.80939,-16.6,-3.2
official-trump,trump,Official Trump,https://coin-images.coingecko.com/coins/images/53746/large/trump.png?1737171561,2.18,594760128,98,2177514823,164284490.0,2.28,2.2,-0.0899375040056718,-3.91612,-24185073.775405526,-3.90747,273137120.287634,1000000000.0,1000000000.0,73.43,-97.03648,2025-01-19T03:50:34.000Z,1.37,58.81453,2026-08-13T18:40:30.000Z,,2026-09-09T15:33:20.000Z,-0.8,-3.91612,48.4,0.3
ether-fi,ethfi,Ether.fi,https://coin-images.coingecko.com/coins/images/35958/large/etherfi.jpeg?1710254562,0.609228,588144863,99,588144863,65907160.0,0.639674,0.593364,0.0067228,1.15353,6516317.0,1.12036,965350000.0,965350000.0,1000000000.0,8.53,-92.8569,2024-03-27T15:14:46.000Z,0.26653,128.57772,2026-06-05T19:19:15.000Z,,2026-09-09T15:33:20.000Z,0.1,1.15353,57.0,11.0
xdce-crowd-sale,xdc,XDC Network,https://coin-images.coingecko.com/coins/images/2912/large/xdc-icon.png?1696503661,0.02869993,572473676,100,1092492295,6213502.0,0.0289582,0.02827694,-3.1942095894973e-05,-0.11763,-632099.883517623,-0.11029,19946688440.0,38065686425.1,,0.192754,-85.1106,2021-08-20T20:39:48.000Z,0.00039532,7159.95864,2019-07-21T16:00:00.000Z,"{'times': 0.5358409955543604, 'currency': 'eth', 'percentage': 53.58409955543604}",2026-09-09T15:33:20.000Z,-0.1,-0.11763,4.4,3.8
